n_counts_for_gene,n_cryptic,pc_cryptic,gene_name,sample_name
1191,3,0.251889169,AARS1,P86_08
1656,4,0.241545894,AARS1,P63_05
2694,1,0.037119525,AARS1,P11_07
1228,1,0.081433225,AARS1,P40_04
1029,132,12.82798834,AARS1,P13_13
1,0,0,AARS1,ddH2O
1944,0,0,AARS1,P47_11
2187,84,3.840877915,AARS1,P56_13
1664,14,0.841346154,AARS1,P45_15
1915,4,0.208877285,AARS1,P07_15
1475,0,0,AARS1,P17_07
3627,0,0,AARS1,P64_11
1129,3,0.265721878,AARS1,P16_09
2421,89,3.676166873,AARS1,P28_07
1637,2,0.12217471,AARS1,P35_07
141,0,0,ABCD1,P86_08
167,0,0,ABCD1,P63_05
104,0,0,ABCD1,P11_07
61,0,0,ABCD1,P40_04
56,0,0,ABCD1,P13_13
64,0,0,ABCD1,P47_11
152,0,0,ABCD1,P56_13
153,0,0,ABCD1,P45_15
97,0,0,ABCD1,P07_15
80,0,0,ABCD1,P17_07
252,0,0,ABCD1,P64_11
48,0,0,ABCD1,P16_09
266,0,0,ABCD1,P28_07
37,0,0,ABCD1,P35_07
14,0,0,AC016629.3,P86_08
22,0,0,AC016629.3,P63_05
21,0,0,AC016629.3,P11_07
45,0,0,AC016629.3,P40_04
69,0,0,AC016629.3,P13_13
7,0,0,AC016629.3,P47_11
12,0,0,AC016629.3,P56_13
13,0,0,AC016629.3,P45_15
14,0,0,AC016629.3,P07_15
19,0,0,AC016629.3,P64_11
5,0,0,AC016629.3,P16_09
21,0,0,AC016629.3,P28_07
2,0,0,AC016629.3,P35_07
5,0,0,AC022966.1,P86_08
9,0,0,AC022966.1,P63_05
17,0,0,AC022966.1,P11_07
3,0,0,AC022966.1,P40_04
5,0,0,AC022966.1,P13_13
2,0,0,AC022966.1,P47_11
11,0,0,AC022966.1,P56_13
7,0,0,AC022966.1,P45_15
3,0,0,AC022966.1,P07_15
15,0,0,AC022966.1,P64_11
4,0,0,AC022966.1,P16_09
46,0,0,AC022966.1,P28_07
1,0,0,AC022966.1,P35_07
14,0,0,AC064807.1,P86_08
22,0,0,AC064807.1,P63_05
40,0,0,AC064807.1,P11_07
7,0,0,AC064807.1,P40_04
6,0,0,AC064807.1,P47_11
37,0,0,AC064807.1,P56_13
54,0,0,AC064807.1,P45_15
37,0,0,AC064807.1,P07_15
53,0,0,AC064807.1,P17_07
193,0,0,AC064807.1,P64_11
22,0,0,AC064807.1,P16_09
24,0,0,AC064807.1,P28_07
30,0,0,AC064807.1,P35_07
813,120,14.7601476,ACTL6B,P86_08
563,50,8.880994671,ACTL6B,P63_05
273,21,7.692307692,ACTL6B,P11_07
1745,132,7.564469914,ACTL6B,P40_04
623,32,5.136436597,ACTL6B,P13_13
2,0,0,ACTL6B,ddH2O
4017,91,2.265372168,ACTL6B,P47_11
2977,482,16.1907961,ACTL6B,P56_13
1660,471,28.37349398,ACTL6B,P45_15
832,72,8.653846154,ACTL6B,P07_15
1286,179,13.91912908,ACTL6B,P17_07
1777,4,0.225098481,ACTL6B,P64_11
2212,188,8.499095841,ACTL6B,P16_09
590,249,42.20338983,ACTL6B,P28_07
3508,44,1.254275941,ACTL6B,P35_07
8631,0,0,ADARB2,P86_08
3453,0,0,ADARB2,P63_05
811,0,0,ADARB2,P11_07
6241,17,0.272392245,ADARB2,P40_04
8468,0,0,ADARB2,P13_13
2,0,0,ADARB2,ddH2O
9603,1,0.010413412,ADARB2,P47_11
12226,117,0.956976934,ADARB2,P56_13
12043,0,0,ADARB2,P45_15
7256,0,0,ADARB2,P07_15
13374,0,0,ADARB2,P17_07
24572,0,0,ADARB2,P64_11
6896,0,0,ADARB2,P16_09
7220,0,0,ADARB2,P28_07
5872,0,0,ADARB2,P35_07
613,5,0.815660685,ADCY1,P86_08
521,39,7.485604607,ADCY1,P63_05
66,0,0,ADCY1,P11_07
887,3,0.338218715,ADCY1,P40_04
1178,0,0,ADCY1,P13_13
2,0,0,ADCY1,ddH2O
3034,3,0.098879367,ADCY1,P47_11
1972,103,5.223123732,ADCY1,P56_13
998,53,5.310621242,ADCY1,P45_15
1085,33,3.041474654,ADCY1,P07_15
2473,0,0,ADCY1,P17_07
1867,0,0,ADCY1,P64_11
1099,21,1.910828025,ADCY1,P16_09
438,35,7.99086758,ADCY1,P28_07
1169,0,0,ADCY1,P35_07
21568,0,0,ADGRL1,P86_08
25035,0,0,ADGRL1,P63_05
17303,0,0,ADGRL1,P11_07
43645,0,0,ADGRL1,P40_04
30255,0,0,ADGRL1,P13_13
15,0,0,ADGRL1,ddH2O
38789,0,0,ADGRL1,P47_11
57414,0,0,ADGRL1,P56_13
36183,0,0,ADGRL1,P45_15
30835,0,0,ADGRL1,P07_15
13188,0,0,ADGRL1,P17_07
55770,0,0,ADGRL1,P64_11
27421,0,0,ADGRL1,P16_09
38806,0,0,ADGRL1,P28_07
42065,0,0,ADGRL1,P35_07
14855,25,0.168293504,AGRN,P86_08
13480,18,0.133531157,AGRN,P63_05
23421,25,0.106741813,AGRN,P11_07
13559,36,0.265506306,AGRN,P40_04
15222,17,0.111680462,AGRN,P13_13
2,0,0,AGRN,ddH2O
13535,20,0.147765054,AGRN,P47_11
28798,26,0.090284048,AGRN,P56_13
23917,23,0.096165907,AGRN,P45_15
27750,27,0.097297297,AGRN,P07_15
11907,61,0.512303687,AGRN,P17_07
47313,21,0.044385264,AGRN,P64_11
8880,22,0.247747748,AGRN,P16_09
43081,68,0.157842204,AGRN,P28_07
8226,12,0.14587892,AGRN,P35_07
292,0,0,AKT3,P86_08
414,0,0,AKT3,P63_05
348,0,0,AKT3,P11_07
748,0,0,AKT3,P40_04
283,0,0,AKT3,P13_13
574,0,0,AKT3,P47_11
528,0,0,AKT3,P56_13
588,0,0,AKT3,P45_15
475,0,0,AKT3,P07_15
207,0,0,AKT3,P17_07
872,0,0,AKT3,P64_11
431,0,0,AKT3,P16_09
570,0,0,AKT3,P28_07
456,0,0,AKT3,P35_07
2,0,0,AL161908.1,P11_07
3,0,0,AL161908.1,P17_07
115,0,0,AL161908.1,P64_11
2,0,0,AL161908.1,P28_07
5365,11,0.205032619,ARHGAP32,P86_08
6525,24,0.367816092,ARHGAP32,P63_05
4698,1,0.021285653,ARHGAP32,P11_07
15626,12,0.076795085,ARHGAP32,P40_04
7044,17,0.241340148,ARHGAP32,P13_13
4,0,0,ARHGAP32,ddH2O
13375,14,0.104672897,ARHGAP32,P47_11
14215,101,0.710517059,ARHGAP32,P56_13
7556,109,1.442562202,ARHGAP32,P45_15
5461,17,0.311298297,ARHGAP32,P07_15
7530,2,0.026560425,ARHGAP32,P17_07
15361,0,0,ARHGAP32,P64_11
11695,12,0.102607952,ARHGAP32,P16_09
8980,19,0.211581292,ARHGAP32,P28_07
16978,6,0.035339852,ARHGAP32,P35_07
6089,71,1.166037116,ATG4B,P86_08
10184,102,1.001571092,ATG4B,P63_05
14779,18,0.121794438,ATG4B,P11_07
7536,73,0.968683652,ATG4B,P40_04
4527,50,1.104484206,ATG4B,P13_13
7,0,0,ATG4B,ddH2O
7824,1,0.012781186,ATG4B,P47_11
10318,537,5.204496996,ATG4B,P56_13
8112,350,4.314595661,ATG4B,P45_15
7422,60,0.808407437,ATG4B,P07_15
6701,0,0,ATG4B,P17_07
15394,3,0.019488112,ATG4B,P64_11
5242,43,0.820297596,ATG4B,P16_09
10342,194,1.875846065,ATG4B,P28_07
5275,3,0.056872038,ATG4B,P35_07
605,1,0.165289256,ATP8A2,P86_08
621,15,2.415458937,ATP8A2,P63_05
86,0,0,ATP8A2,P11_07
1054,6,0.569259962,ATP8A2,P40_04
358,3,0.837988827,ATP8A2,P13_13
2670,0,0,ATP8A2,P47_11
1475,14,0.949152542,ATP8A2,P56_13
1534,14,0.912646675,ATP8A2,P45_15
934,7,0.749464668,ATP8A2,P07_15
290,0,0,ATP8A2,P17_07
1127,0,0,ATP8A2,P64_11
1041,3,0.288184438,ATP8A2,P16_09
479,15,3.131524008,ATP8A2,P28_07
1644,0,0,ATP8A2,P35_07
5319,225,4.230118443,ATXN1,P86_08
5713,350,6.126378435,ATXN1,P63_05
6620,54,0.81570997,ATXN1,P11_07
5266,189,3.589061907,ATXN1,P40_04
2904,74,2.548209366,ATXN1,P13_13
2,0,0,ATXN1,ddH2O
15431,57,0.3693863,ATXN1,P47_11
7716,664,8.605495075,ATXN1,P56_13
15432,791,5.125712805,ATXN1,P45_15
10070,511,5.074478649,ATXN1,P07_15
2267,1,0.04411116,ATXN1,P17_07
10563,126,1.192842942,ATXN1,P64_11
4685,89,1.899679829,ATXN1,P16_09
9182,1188,12.93835766,ATXN1,P28_07
4847,38,0.783990097,ATXN1,P35_07
2673,21,0.785634119,BCKDHB,P86_08
1335,42,3.146067416,BCKDHB,P63_05
2924,36,1.23119015,BCKDHB,P11_07
1677,14,0.834824091,BCKDHB,P40_04
1750,26,1.485714286,BCKDHB,P13_13
2525,57,2.257425743,BCKDHB,P47_11
2623,18,0.686237133,BCKDHB,P56_13
3418,66,1.930953774,BCKDHB,P45_15
2130,57,2.676056338,BCKDHB,P07_15
1676,14,0.835322196,BCKDHB,P17_07
4998,22,0.44017607,BCKDHB,P64_11
1492,18,1.206434316,BCKDHB,P16_09
6297,24,0.381133873,BCKDHB,P28_07
1048,10,0.954198473,BCKDHB,P35_07
2046,42,2.052785924,C20orf194,P86_08
1315,2,0.152091255,C20orf194,P63_05
974,0,0,C20orf194,P11_07
1345,7,0.520446097,C20orf194,P40_04
1699,22,1.294879341,C20orf194,P13_13
3866,5,0.129332644,C20orf194,P47_11
2432,110,4.523026316,C20orf194,P56_13
2728,36,1.319648094,C20orf194,P45_15
1645,3,0.182370821,C20orf194,P07_15
917,0,0,C20orf194,P17_07
3609,0,0,C20orf194,P64_11
1423,14,0.983836964,C20orf194,P16_09
3206,12,0.374298191,C20orf194,P28_07
1025,4,0.390243902,C20orf194,P35_07
706,0,0,CADPS,P86_08
523,0,0,CADPS,P63_05
102,0,0,CADPS,P11_07
2696,0,0,CADPS,P40_04
526,0,0,CADPS,P13_13
3624,0,0,CADPS,P47_11
3354,0,0,CADPS,P56_13
1213,0,0,CADPS,P45_15
625,0,0,CADPS,P07_15
1672,0,0,CADPS,P17_07
958,0,0,CADPS,P64_11
2493,0,0,CADPS,P16_09
432,0,0,CADPS,P28_07
4227,0,0,CADPS,P35_07
6971,28,0.401664037,CAMK2B,P86_08
2991,63,2.106318957,CAMK2B,P63_05
1090,2,0.183486239,CAMK2B,P11_07
13162,37,0.281112293,CAMK2B,P40_04
3786,0,0,CAMK2B,P13_13
12,0,0,CAMK2B,ddH2O
14840,1,0.006738544,CAMK2B,P47_11
16452,158,0.96036956,CAMK2B,P56_13
7548,191,2.530471648,CAMK2B,P45_15
5707,68,1.191519187,CAMK2B,P07_15
8127,0,0,CAMK2B,P17_07
11349,9,0.079302141,CAMK2B,P64_11
14025,29,0.206773619,CAMK2B,P16_09
8591,95,1.105808404,CAMK2B,P28_07
19364,1,0.005164222,CAMK2B,P35_07
959,0,0,CDH4,P86_08
487,0,0,CDH4,P63_05
427,0,0,CDH4,P11_07
1281,0,0,CDH4,P40_04
663,0,0,CDH4,P13_13
948,0,0,CDH4,P47_11
1777,0,0,CDH4,P56_13
1883,0,0,CDH4,P45_15
947,0,0,CDH4,P07_15
637,0,0,CDH4,P17_07
2516,0,0,CDH4,P64_11
768,0,0,CDH4,P16_09
2386,0,0,CDH4,P28_07
639,0,0,CDH4,P35_07
1315,0,0,CDK7,P86_08
1187,0,0,CDK7,P63_05
3057,0,0,CDK7,P11_07
1329,0,0,CDK7,P40_04
901,0,0,CDK7,P13_13
3142,0,0,CDK7,P47_11
1744,0,0,CDK7,P56_13
1998,0,0,CDK7,P45_15
1516,0,0,CDK7,P07_15
678,0,0,CDK7,P17_07
3475,0,0,CDK7,P64_11
1433,0,0,CDK7,P16_09
2407,0,0,CDK7,P28_07
1384,0,0,CDK7,P35_07
26654,374,1.403166504,CELF5,P86_08
23433,588,2.509281782,CELF5,P63_05
4138,30,0.724987917,CELF5,P11_07
102333,339,0.331271437,CELF5,P40_04
23388,3,0.012827091,CELF5,P13_13
25,0,0,CELF5,ddH2O
131155,9,0.00686211,CELF5,P47_11
80321,1612,2.006947125,CELF5,P56_13
37179,2282,6.137873531,CELF5,P45_15
26368,369,1.399423544,CELF5,P07_15
54777,0,0,CELF5,P17_07
43349,0,0,CELF5,P64_11
73084,380,0.519949647,CELF5,P16_09
11797,1050,8.900567941,CELF5,P28_07
39370,9,0.022860046,CELF5,P35_07
474,22,4.641350211,CEP290,P86_08
656,78,11.8902439,CEP290,P63_05
423,0,0,CEP290,P11_07
622,25,4.019292605,CEP290,P40_04
588,28,4.761904762,CEP290,P13_13
633,1,0.157977883,CEP290,P47_11
916,175,19.10480349,CEP290,P56_13
743,159,21.39973082,CEP290,P45_15
499,24,4.809619238,CEP290,P07_15
1288,0,0,CEP290,P17_07
1304,36,2.760736196,CEP290,P64_11
416,15,3.605769231,CEP290,P16_09
1388,95,6.844380403,CEP290,P28_07
245,7,2.857142857,CEP290,P35_07
44921,161,0.358406981,CRTC1,P86_08
25088,81,0.32286352,CRTC1,P63_05
8616,89,1.032961931,CRTC1,P11_07
96812,4,0.004131719,CRTC1,P40_04
50308,69,0.137155124,CRTC1,P13_13
19,0,0,CRTC1,ddH2O
139614,9,0.006446345,CRTC1,P47_11
66500,259,0.389473684,CRTC1,P56_13
58412,246,0.42114634,CRTC1,P45_15
38375,38,0.099022801,CRTC1,P07_15
36558,10,0.027353794,CRTC1,P17_07
171286,91,0.053127518,CRTC1,P64_11
46344,23,0.049628862,CRTC1,P16_09
42867,370,0.863134812,CRTC1,P28_07
62060,23,0.037060909,CRTC1,P35_07
7599,0,0,DAPK1,P86_08
2213,0,0,DAPK1,P63_05
23182,47,0.202743508,DAPK1,P11_07
8671,0,0,DAPK1,P40_04
6075,0,0,DAPK1,P13_13
1,0,0,DAPK1,ddH2O
10538,0,0,DAPK1,P47_11
11571,4,0.034569182,DAPK1,P56_13
11573,1,0.008640802,DAPK1,P45_15
5753,0,0,DAPK1,P07_15
15022,0,0,DAPK1,P17_07
14247,0,0,DAPK1,P64_11
6117,0,0,DAPK1,P16_09
15889,8,0.050349298,DAPK1,P28_07
8035,4,0.049782203,DAPK1,P35_07
1036,174,16.7953668,DIP2A,P86_08
1581,251,15.87602783,DIP2A,P63_05
1542,210,13.61867704,DIP2A,P11_07
676,116,17.15976331,DIP2A,P40_04
604,27,4.470198675,DIP2A,P13_13
1157,46,3.975799481,DIP2A,P47_11
1628,119,7.30958231,DIP2A,P56_13
1359,207,15.23178808,DIP2A,P45_15
740,108,14.59459459,DIP2A,P07_15
846,45,5.319148936,DIP2A,P17_07
1624,77,4.74137931,DIP2A,P64_11
617,65,10.53484603,DIP2A,P16_09
1805,223,12.35457064,DIP2A,P28_07
786,61,7.760814249,DIP2A,P35_07
3444,0,0,DLGAP1,P86_08
1668,0,0,DLGAP1,P63_05
970,4,0.412371134,DLGAP1,P11_07
14037,0,0,DLGAP1,P40_04
3802,0,0,DLGAP1,P13_13
3,0,0,DLGAP1,ddH2O
6200,0,0,DLGAP1,P47_11
5315,26,0.489181562,DLGAP1,P56_13
3315,13,0.392156863,DLGAP1,P45_15
2352,1,0.042517007,DLGAP1,P07_15
5146,0,0,DLGAP1,P17_07
6983,0,0,DLGAP1,P64_11
4719,4,0.084763721,DLGAP1,P16_09
2465,21,0.851926978,DLGAP1,P28_07
3778,0,0,DLGAP1,P35_07
93,0,0,DLGAP3,P86_08
277,0,0,DLGAP3,P63_05
86,0,0,DLGAP3,P11_07
490,0,0,DLGAP3,P40_04
145,0,0,DLGAP3,P13_13
734,0,0,DLGAP3,P47_11
589,0,0,DLGAP3,P56_13
416,0,0,DLGAP3,P45_15
263,0,0,DLGAP3,P07_15
404,0,0,DLGAP3,P17_07
1087,0,0,DLGAP3,P64_11
506,0,0,DLGAP3,P16_09
381,0,0,DLGAP3,P28_07
251,0,0,DLGAP3,P35_07
1690,1188,70.29585799,DNM1,P86_08
2087,1495,71.63392429,DNM1,P63_05
416,147,35.33653846,DNM1,P11_07
9899,6866,69.36054147,DNM1,P40_04
3068,2396,78.09647979,DNM1,P13_13
15,12,80,DNM1,ddH2O
9236,7198,77.93417064,DNM1,P47_11
12427,10208,82.14371932,DNM1,P56_13
4124,2835,68.74393792,DNM1,P45_15
2351,1525,64.86601446,DNM1,P07_15
2566,1273,49.61028839,DNM1,P17_07
5816,4105,70.58115543,DNM1,P64_11
11273,8946,79.35775747,DNM1,P16_09
1125,572,50.84444444,DNM1,P28_07
23334,21873,93.73875032,DNM1,P35_07
1541,4,0.259571707,ELAVL3,P86_08
2128,4,0.187969925,ELAVL3,P63_05
677,3,0.443131462,ELAVL3,P11_07
2189,5,0.228414801,ELAVL3,P40_04
3040,79,2.598684211,ELAVL3,P13_13
2,0,0,ELAVL3,ddH2O
3968,7,0.17641129,ELAVL3,P47_11
2767,85,3.071919046,ELAVL3,P56_13
1724,12,0.696055684,ELAVL3,P45_15
1629,1,0.061387354,ELAVL3,P07_15
1622,0,0,ELAVL3,P17_07
3288,0,0,ELAVL3,P64_11
1499,1,0.066711141,ELAVL3,P16_09
1754,13,0.741163056,ELAVL3,P28_07
1885,0,0,ELAVL3,P35_07
1826,0,0,EPB41L4A,P86_08
2539,68,2.678219772,EPB41L4A,P63_05
14071,4,0.028427262,EPB41L4A,P11_07
1562,30,1.920614597,EPB41L4A,P40_04
1449,41,2.829537612,EPB41L4A,P13_13
1862,0,0,EPB41L4A,P47_11
1483,114,7.687120701,EPB41L4A,P56_13
2966,4,0.134861767,EPB41L4A,P45_15
1906,156,8.184679958,EPB41L4A,P07_15
600,0,0,EPB41L4A,P17_07
2519,0,0,EPB41L4A,P64_11
737,34,4.613297151,EPB41L4A,P16_09
4101,62,1.511826384,EPB41L4A,P28_07
401,0,0,EPB41L4A,P35_07
2,0,0,EPHA5-AS1,P56_13
1,0,0,EPHA5-AS1,P28_07
3,0,0,EPHA5-AS1,P35_07
903,0,0,ETV5,P86_08
2126,0,0,ETV5,P63_05
1009,0,0,ETV5,P11_07
1965,0,0,ETV5,P40_04
2454,8,0.32599837,ETV5,P13_13
1305,0,0,ETV5,P47_11
1592,0,0,ETV5,P56_13
3034,0,0,ETV5,P45_15
973,0,0,ETV5,P07_15
376,0,0,ETV5,P17_07
3278,0,0,ETV5,P64_11
2018,0,0,ETV5,P16_09
2225,0,0,ETV5,P28_07
1155,0,0,ETV5,P35_07
32,0,0,FBN3,P86_08
23,2,8.695652174,FBN3,P63_05
3,0,0,FBN3,P11_07
59,0,0,FBN3,P40_04
125,0,0,FBN3,P13_13
1,0,0,FBN3,ddH2O
120,0,0,FBN3,P47_11
76,0,0,FBN3,P56_13
105,0,0,FBN3,P45_15
15,0,0,FBN3,P07_15
60,0,0,FBN3,P17_07
57,0,0,FBN3,P64_11
80,0,0,FBN3,P16_09
162,0,0,FBN3,P28_07
33,0,0,FBN3,P35_07
227,0,0,G2E3,P86_08
183,0,0,G2E3,P63_05
619,0,0,G2E3,P11_07
244,0,0,G2E3,P40_04
75,0,0,G2E3,P13_13
212,1,0.471698113,G2E3,P47_11
226,2,0.884955752,G2E3,P56_13
188,1,0.531914894,G2E3,P45_15
127,1,0.787401575,G2E3,P07_15
155,0,0,G2E3,P17_07
333,0,0,G2E3,P64_11
156,0,0,G2E3,P16_09
357,1,0.280112045,G2E3,P28_07
197,0,0,G2E3,P35_07
11,0,0,GOLGA7B,P86_08
12,0,0,GOLGA7B,P63_05
21,0,0,GOLGA7B,P11_07
8,0,0,GOLGA7B,P40_04
16,1,6.25,GOLGA7B,P47_11
19,7,36.84210526,GOLGA7B,P56_13
15,6,40,GOLGA7B,P45_15
18,6,33.33333333,GOLGA7B,P07_15
3,0,0,GOLGA7B,P17_07
5,0,0,GOLGA7B,P64_11
19,1,5.263157895,GOLGA7B,P16_09
27,1,3.703703704,GOLGA7B,P28_07
17,4,23.52941176,GOLGA7B,P35_07
1624,0,0,GPSM2,P86_08
2524,0,0,GPSM2,P63_05
1594,6,0.376411543,GPSM2,P11_07
1310,12,0.916030534,GPSM2,P40_04
3396,264,7.77385159,GPSM2,P13_13
2,0,0,GPSM2,ddH2O
2694,0,0,GPSM2,P47_11
3281,404,12.31331911,GPSM2,P56_13
4424,11,0.248643761,GPSM2,P45_15
3091,13,0.420575865,GPSM2,P07_15
1699,0,0,GPSM2,P17_07
5174,0,0,GPSM2,P64_11
1134,16,1.410934744,GPSM2,P16_09
4080,3,0.073529412,GPSM2,P28_07
939,0,0,GPSM2,P35_07
55089,3,0.005445733,GRAMD1A,P86_08
47833,11,0.022996676,GRAMD1A,P63_05
56794,10,0.017607494,GRAMD1A,P11_07
42023,3,0.007138948,GRAMD1A,P40_04
40321,31,0.076883014,GRAMD1A,P13_13
9,0,0,GRAMD1A,ddH2O
29269,2,0.006833168,GRAMD1A,P47_11
51543,2,0.003880255,GRAMD1A,P56_13
51326,8,0.015586642,GRAMD1A,P45_15
35692,0,0,GRAMD1A,P07_15
51208,0,0,GRAMD1A,P17_07
134115,1,7.46E-04,GRAMD1A,P64_11
20693,0,0,GRAMD1A,P16_09
71312,5,0.007011443,GRAMD1A,P28_07
27433,0,0,GRAMD1A,P35_07
2752,38,1.380813953,HDGFL2,P86_08
2321,44,1.895734597,HDGFL2,P63_05
2756,17,0.616835994,HDGFL2,P11_07
3034,35,1.153592617,HDGFL2,P40_04
2558,34,1.329163409,HDGFL2,P13_13
8675,0,0,HDGFL2,P47_11
7010,283,4.037089872,HDGFL2,P56_13
4260,111,2.605633803,HDGFL2,P45_15
2885,67,2.322357019,HDGFL2,P07_15
7910,0,0,HDGFL2,P17_07
7086,0,0,HDGFL2,P64_11
3109,14,0.450305564,HDGFL2,P16_09
4392,135,3.073770492,HDGFL2,P28_07
2977,2,0.067181727,HDGFL2,P35_07
671,28,4.172876304,IFT122,P86_08
459,0,0,IFT122,P63_05
628,0,0,IFT122,P11_07
626,0,0,IFT122,P40_04
250,0,0,IFT122,P13_13
813,0,0,IFT122,P47_11
922,58,6.290672451,IFT122,P56_13
801,8,0.998751561,IFT122,P45_15
367,8,2.179836512,IFT122,P07_15
690,0,0,IFT122,P17_07
1053,0,0,IFT122,P64_11
533,12,2.251407129,IFT122,P16_09
1025,0,0,IFT122,P28_07
534,0,0,IFT122,P35_07
3595,31,0.862308762,IGSF21,P86_08
2713,66,2.432731294,IGSF21,P63_05
722,0,0,IGSF21,P11_07
3147,14,0.444868128,IGSF21,P40_04
3702,2,0.054024851,IGSF21,P13_13
2,0,0,IGSF21,ddH2O
8150,0,0,IGSF21,P47_11
7482,120,1.603849238,IGSF21,P56_13
5153,127,2.464583738,IGSF21,P45_15
2946,75,2.545824847,IGSF21,P07_15
3507,0,0,IGSF21,P17_07
6878,0,0,IGSF21,P64_11
3713,17,0.457850795,IGSF21,P16_09
2579,90,3.489724699,IGSF21,P28_07
4204,0,0,IGSF21,P35_07
7162,9,0.125663223,INSR,P86_08
8910,5,0.056116723,INSR,P63_05
17082,16,0.093665847,INSR,P11_07
6649,11,0.165438412,INSR,P40_04
6995,4,0.057183703,INSR,P13_13
6,0,0,INSR,ddH2O
3710,2,0.053908356,INSR,P47_11
6874,66,0.960139657,INSR,P56_13
9404,22,0.233943003,INSR,P45_15
5615,14,0.249332146,INSR,P07_15
4427,2,0.045177321,INSR,P17_07
18970,17,0.089615182,INSR,P64_11
3476,4,0.115074799,INSR,P16_09
11830,19,0.160608622,INSR,P28_07
4357,0,0,INSR,P35_07
1769,3,0.169587337,INTS8,P86_08
1803,0,0,INTS8,P63_05
4838,0,0,INTS8,P11_07
1368,0,0,INTS8,P40_04
1069,0,0,INTS8,P13_13
1609,0,0,INTS8,P47_11
1407,1,0.071073205,INTS8,P56_13
2373,0,0,INTS8,P45_15
1483,0,0,INTS8,P07_15
1877,0,0,INTS8,P17_07
2792,0,0,INTS8,P64_11
582,0,0,INTS8,P16_09
2761,3,0.108656284,INTS8,P28_07
968,0,0,INTS8,P35_07
897,0,0,IQCE,P86_08
784,3,0.382653061,IQCE,P63_05
1641,0,0,IQCE,P11_07
872,1,0.114678899,IQCE,P40_04
1207,0,0,IQCE,P13_13
865,9,1.040462428,IQCE,P47_11
1111,1,0.090009001,IQCE,P56_13
845,3,0.355029586,IQCE,P45_15
666,0,0,IQCE,P07_15
647,0,0,IQCE,P17_07
1871,0,0,IQCE,P64_11
494,1,0.20242915,IQCE,P16_09
980,2,0.204081633,IQCE,P28_07
432,0,0,IQCE,P35_07
53,0,0,KALRN,P63_05
16,0,0,KALRN,P11_07
2,0,0,KALRN,P40_04
14,0,0,KALRN,P13_13
69,0,0,KALRN,P47_11
9,0,0,KALRN,P56_13
53,0,0,KALRN,P45_15
39,0,0,KALRN,P07_15
32,0,0,KALRN,P17_07
43,0,0,KALRN,P64_11
33,0,0,KALRN,P16_09
13,0,0,KALRN,P28_07
20,0,0,KALRN,P35_07
300,6,2,KIAA0753,P86_08
251,0,0,KIAA0753,P63_05
647,4,0.618238022,KIAA0753,P11_07
474,0,0,KIAA0753,P40_04
414,0,0,KIAA0753,P13_13
602,0,0,KIAA0753,P47_11
609,5,0.821018062,KIAA0753,P56_13
439,27,6.150341686,KIAA0753,P45_15
271,0,0,KIAA0753,P07_15
620,0,0,KIAA0753,P17_07
767,0,0,KIAA0753,P64_11
384,2,0.520833333,KIAA0753,P16_09
448,10,2.232142857,KIAA0753,P28_07
330,0,0,KIAA0753,P35_07
486,0,0,KIF26B,P86_08
291,0,0,KIF26B,P63_05
77,0,0,KIF26B,P11_07
518,0,0,KIF26B,P40_04
878,0,0,KIF26B,P13_13
733,0,0,KIF26B,P47_11
689,0,0,KIF26B,P56_13
1187,0,0,KIF26B,P45_15
639,0,0,KIF26B,P07_15
938,0,0,KIF26B,P17_07
2134,0,0,KIF26B,P64_11
393,0,0,KIF26B,P16_09
453,0,0,KIF26B,P28_07
293,0,0,KIF26B,P35_07
18,0,0,LINC01503,P86_08
13,0,0,LINC01503,P63_05
22,0,0,LINC01503,P11_07
31,0,0,LINC01503,P40_04
178,0,0,LINC01503,P13_13
22,0,0,LINC01503,P47_11
17,0,0,LINC01503,P56_13
36,0,0,LINC01503,P45_15
16,0,0,LINC01503,P07_15
103,0,0,LINC01503,P17_07
75,0,0,LINC01503,P64_11
37,0,0,LINC01503,P16_09
91,0,0,LINC01503,P28_07
27,0,0,LINC01503,P35_07
5,0,0,LINGO1,P86_08
2,0,0,LINGO1,P63_05
3,0,0,LINGO1,P11_07
12,0,0,LINGO1,P40_04
4,0,0,LINGO1,P13_13
23,0,0,LINGO1,P47_11
24,0,0,LINGO1,P56_13
12,0,0,LINGO1,P45_15
44,0,0,LINGO1,P07_15
59,0,0,LINGO1,P17_07
62,0,0,LINGO1,P64_11
29,0,0,LINGO1,P16_09
3,0,0,LINGO1,P28_07
15,0,0,LINGO1,P35_07
4589,0,0,MAST1,P86_08
3875,0,0,MAST1,P63_05
594,0,0,MAST1,P11_07
6347,0,0,MAST1,P40_04
6068,0,0,MAST1,P13_13
3571,0,0,MAST1,P47_11
6535,0,0,MAST1,P56_13
7022,7,0.099686699,MAST1,P45_15
8278,0,0,MAST1,P07_15
24340,0,0,MAST1,P17_07
11476,0,0,MAST1,P64_11
4304,0,0,MAST1,P16_09
2872,0,0,MAST1,P28_07
4045,0,0,MAST1,P35_07
1870,10,0.534759358,MED13L,P86_08
1499,7,0.466977985,MED13L,P63_05
2725,2,0.073394495,MED13L,P11_07
1213,5,0.412201154,MED13L,P40_04
1239,0,0,MED13L,P13_13
2134,35,1.640112465,MED13L,P47_11
2031,47,2.31413097,MED13L,P56_13
2114,5,0.236518448,MED13L,P45_15
1443,19,1.316701317,MED13L,P07_15
1191,19,1.595298069,MED13L,P17_07
3216,6,0.186567164,MED13L,P64_11
719,8,1.112656467,MED13L,P16_09
2983,31,1.039222259,MED13L,P28_07
991,2,0.201816347,MED13L,P35_07
6888,0,0,MGAT5B,P86_08
3705,0,0,MGAT5B,P63_05
660,0,0,MGAT5B,P11_07
32094,0,0,MGAT5B,P40_04
12390,0,0,MGAT5B,P13_13
10,0,0,MGAT5B,ddH2O
36582,0,0,MGAT5B,P47_11
22782,1,0.00438943,MGAT5B,P56_13
14847,2,0.013470735,MGAT5B,P45_15
12498,0,0,MGAT5B,P07_15
16617,0,0,MGAT5B,P17_07
34860,0,0,MGAT5B,P64_11
22041,1,0.004536999,MGAT5B,P16_09
7309,1,0.013681762,MGAT5B,P28_07
24512,0,0,MGAT5B,P35_07
8458,4280,50.60297943,MNAT1,P86_08
6245,3079,49.30344275,MNAT1,P63_05
4060,601,14.80295567,MNAT1,P11_07
8465,4289,50.66745422,MNAT1,P40_04
6697,3604,53.81514111,MNAT1,P13_13
3,1,33.33333333,MNAT1,ddH2O
26547,14841,55.90462199,MNAT1,P47_11
9149,4903,53.59055634,MNAT1,P56_13
26476,14557,54.98187037,MNAT1,P45_15
21719,14154,65.16874626,MNAT1,P07_15
8387,3101,36.97388816,MNAT1,P17_07
24101,14901,61.82731007,MNAT1,P64_11
5608,2971,52.97788873,MNAT1,P16_09
14166,7666,54.11548779,MNAT1,P28_07
3537,1628,46.0277071,MNAT1,P35_07
114,0,0,MYO18A,P86_08
247,1,0.4048583,MYO18A,P63_05
74,0,0,MYO18A,P11_07
83,5,6.024096386,MYO18A,P40_04
68,0,0,MYO18A,P13_13
201,0,0,MYO18A,P47_11
203,5,2.463054187,MYO18A,P56_13
143,2,1.398601399,MYO18A,P45_15
171,0,0,MYO18A,P07_15
173,0,0,MYO18A,P17_07
403,11,2.729528536,MYO18A,P64_11
69,0,0,MYO18A,P16_09
302,5,1.655629139,MYO18A,P28_07
115,0,0,MYO18A,P35_07
12622,8,0.063381398,NECAB2,P86_08
4573,4,0.087469932,NECAB2,P63_05
5522,3,0.054328142,NECAB2,P11_07
45118,27,0.059843078,NECAB2,P40_04
13146,4,0.030427506,NECAB2,P13_13
5,0,0,NECAB2,ddH2O
48068,19,0.039527336,NECAB2,P47_11
18293,12,0.065598863,NECAB2,P56_13
32347,28,0.08656135,NECAB2,P45_15
9313,3,0.032213036,NECAB2,P07_15
30470,6,0.0196915,NECAB2,P17_07
42176,18,0.0426783,NECAB2,P64_11
32563,12,0.036851641,NECAB2,P16_09
11344,48,0.423131171,NECAB2,P28_07
7745,4,0.051646223,NECAB2,P35_07
2520,48,1.904761905,NSMCE4A,P86_08
2517,42,1.668653159,NSMCE4A,P63_05
2087,12,0.574988021,NSMCE4A,P11_07
1570,62,3.949044586,NSMCE4A,P40_04
1510,40,2.649006623,NSMCE4A,P13_13
1074,89,8.286778399,NSMCE4A,P47_11
1633,194,11.87997551,NSMCE4A,P56_13
2827,128,4.527767952,NSMCE4A,P45_15
1749,59,3.373356204,NSMCE4A,P07_15
1836,164,8.932461874,NSMCE4A,P17_07
4944,290,5.865695793,NSMCE4A,P64_11
903,86,9.523809524,NSMCE4A,P16_09
3498,57,1.629502573,NSMCE4A,P28_07
1248,98,7.852564103,NSMCE4A,P35_07
47,0,0,ONECUT1,P86_08
28,1,3.571428571,ONECUT1,P63_05
13,0,0,ONECUT1,P11_07
87,0,0,ONECUT1,P40_04
40,0,0,ONECUT1,P13_13
80,0,0,ONECUT1,P47_11
26,0,0,ONECUT1,P56_13
72,0,0,ONECUT1,P45_15
24,0,0,ONECUT1,P07_15
53,0,0,ONECUT1,P17_07
15,0,0,ONECUT1,P64_11
28,0,0,ONECUT1,P16_09
39,0,0,ONECUT1,P28_07
16,0,0,ONECUT1,P35_07
13337,1017,7.625403014,PFKP,P86_08
11076,1702,15.36655832,PFKP,P63_05
78546,2082,2.650676037,PFKP,P11_07
26139,774,2.96109262,PFKP,P40_04
16877,885,5.243822954,PFKP,P13_13
16,0,0,PFKP,ddH2O
62894,285,0.453143384,PFKP,P47_11
42237,3328,7.879347492,PFKP,P56_13
16087,1715,10.660782,PFKP,P45_15
11184,2493,22.29077253,PFKP,P07_15
14719,866,5.883551872,PFKP,P17_07
27638,1893,6.849265504,PFKP,P64_11
31397,558,1.777239864,PFKP,P16_09
32506,2781,8.555343629,PFKP,P28_07
37355,167,0.447061973,PFKP,P35_07
2921,0,0,PHF2,P86_08
2790,0,0,PHF2,P63_05
3788,0,0,PHF2,P11_07
2187,5,0.228623685,PHF2,P40_04
2934,115,3.919563736,PHF2,P13_13
2746,0,0,PHF2,P47_11
3283,22,0.670118794,PHF2,P56_13
3673,3,0.081677103,PHF2,P45_15
2563,0,0,PHF2,P07_15
2474,9,0.363783347,PHF2,P17_07
7650,0,0,PHF2,P64_11
1445,0,0,PHF2,P16_09
5233,6,0.114656985,PHF2,P28_07
1266,0,0,PHF2,P35_07
141,0,0,POLD1,P86_08
342,0,0,POLD1,P63_05
408,0,0,POLD1,P11_07
288,0,0,POLD1,P40_04
251,0,0,POLD1,P13_13
108,0,0,POLD1,P47_11
280,0,0,POLD1,P56_13
275,0,0,POLD1,P45_15
198,0,0,POLD1,P07_15
118,0,0,POLD1,P17_07
378,0,0,POLD1,P64_11
141,0,0,POLD1,P16_09
474,0,0,POLD1,P28_07
147,1,0.680272109,POLD1,P35_07
1134,4,0.352733686,POU2F2,P86_08
739,4,0.541271989,POU2F2,P63_05
1392,1,0.07183908,POU2F2,P11_07
1381,5,0.362056481,POU2F2,P40_04
1384,4,0.289017341,POU2F2,P13_13
640,1,0.15625,POU2F2,P47_11
994,22,2.213279678,POU2F2,P56_13
1299,0,0,POU2F2,P45_15
801,4,0.49937578,POU2F2,P07_15
964,0,0,POU2F2,P17_07
2254,2,0.088731145,POU2F2,P64_11
190,0,0,POU2F2,P16_09
1705,3,0.175953079,POU2F2,P28_07
113,0,0,POU2F2,P35_07
7416,3,0.040453074,PRELID3A,P86_08
9537,41,0.429904582,PRELID3A,P63_05
7036,3,0.042637862,PRELID3A,P11_07
9039,5,0.055315854,PRELID3A,P40_04
7658,11,0.143640637,PRELID3A,P13_13
6,0,0,PRELID3A,ddH2O
21026,0,0,PRELID3A,P47_11
13389,45,0.336096796,PRELID3A,P56_13
11268,62,0.550230742,PRELID3A,P45_15
7849,1,0.012740476,PRELID3A,P07_15
11974,0,0,PRELID3A,P17_07
24313,255,1.048821618,PRELID3A,P64_11
7499,29,0.386718229,PRELID3A,P16_09
13783,124,0.899659,PRELID3A,P28_07
6055,14,0.231213873,PRELID3A,P35_07
437,0,0,PSD,P86_08
310,0,0,PSD,P63_05
97,0,0,PSD,P11_07
1019,0,0,PSD,P40_04
839,0,0,PSD,P13_13
714,0,0,PSD,P47_11
520,5,0.961538462,PSD,P56_13
523,3,0.573613767,PSD,P45_15
587,0,0,PSD,P07_15
2959,0,0,PSD,P17_07
1887,0,0,PSD,P64_11
488,3,0.614754098,PSD,P16_09
327,3,0.917431193,PSD,P28_07
335,0,0,PSD,P35_07
806,39,4.838709677,PTPRD,P86_08
639,23,3.599374022,PTPRD,P63_05
31,3,9.677419355,PTPRD,P11_07
2875,77,2.67826087,PTPRD,P40_04
784,0,0,PTPRD,P13_13
2750,30,1.090909091,PTPRD,P47_11
2631,107,4.066894717,PTPRD,P56_13
872,26,2.981651376,PTPRD,P45_15
796,42,5.27638191,PTPRD,P07_15
3459,12,0.346921075,PTPRD,P17_07
1006,0,0,PTPRD,P64_11
2954,40,1.354096141,PTPRD,P16_09
430,18,4.186046512,PTPRD,P28_07
3729,51,1.36765889,PTPRD,P35_07
9043,0,0,PTPRN2,P86_08
6326,0,0,PTPRN2,P63_05
1655,0,0,PTPRN2,P11_07
24708,17,0.068803626,PTPRN2,P40_04
13460,0,0,PTPRN2,P13_13
8,0,0,PTPRN2,ddH2O
34639,8,0.023095355,PTPRN2,P47_11
12323,20,0.162298142,PTPRN2,P56_13
12001,8,0.066661112,PTPRN2,P45_15
7669,0,0,PTPRN2,P07_15
15080,26,0.172413793,PTPRN2,P17_07
20366,0,0,PTPRN2,P64_11
24382,4,0.016405545,PTPRN2,P16_09
4271,0,0,PTPRN2,P28_07
25966,5,0.01925595,PTPRN2,P35_07
147,5,3.401360544,PXDN,P86_08
124,2,1.612903226,PXDN,P63_05
1239,2,0.1614205,PXDN,P11_07
86,0,0,PXDN,P40_04
127,9,7.086614173,PXDN,P13_13
164,8,4.87804878,PXDN,P47_11
288,76,26.38888889,PXDN,P56_13
162,28,17.28395062,PXDN,P45_15
118,0,0,PXDN,P07_15
454,0,0,PXDN,P17_07
559,11,1.967799642,PXDN,P64_11
146,27,18.49315068,PXDN,P16_09
191,5,2.617801047,PXDN,P28_07
51,9,17.64705882,PXDN,P35_07
3,3,100,RAI2,P86_08
6,1,16.66666667,RAI2,P63_05
1,0,0,RAI2,P40_04
1,1,100,RAI2,P47_11
2,0,0,RAI2,P56_13
5,2,40,RAI2,P45_15
6,5,83.33333333,RAI2,P64_11
2,1,50,RAI2,P16_09
3,0,0,RAI2,P28_07
2,0,0,RAI2,P35_07
1111,11,0.99009901,RALGAPA2,P86_08
1213,1,0.082440231,RALGAPA2,P63_05
1936,19,0.981404959,RALGAPA2,P11_07
858,0,0,RALGAPA2,P40_04
1503,0,0,RALGAPA2,P13_13
1166,14,1.200686106,RALGAPA2,P47_11
1392,0,0,RALGAPA2,P56_13
1642,13,0.791717418,RALGAPA2,P45_15
1170,0,0,RALGAPA2,P07_15
471,0,0,RALGAPA2,P17_07
3527,0,0,RALGAPA2,P64_11
733,4,0.545702592,RALGAPA2,P16_09
2270,23,1.013215859,RALGAPA2,P28_07
658,0,0,RALGAPA2,P35_07
6502,140,2.153183636,RAP1GAP,P86_08
7154,118,1.649426894,RAP1GAP,P63_05
648,1,0.154320988,RAP1GAP,P11_07
10034,73,0.72752641,RAP1GAP,P40_04
5121,21,0.410076157,RAP1GAP,P13_13
18178,47,0.258554296,RAP1GAP,P47_11
19051,798,4.188756496,RAP1GAP,P56_13
7998,455,5.688922231,RAP1GAP,P45_15
5314,75,1.411366202,RAP1GAP,P07_15
12675,10,0.078895464,RAP1GAP,P17_07
11127,1,0.008987148,RAP1GAP,P64_11
9732,183,1.880394575,RAP1GAP,P16_09
3664,159,4.339519651,RAP1GAP,P28_07
6411,2,0.031196381,RAP1GAP,P35_07
6305,258,4.091990484,RNF115,P86_08
5708,295,5.168185004,RNF115,P63_05
7592,607,7.995258166,RNF115,P11_07
7897,280,3.545650247,RNF115,P40_04
5171,255,4.931347902,RNF115,P13_13
2,0,0,RNF115,ddH2O
7194,310,4.309146511,RNF115,P47_11
8908,455,5.107768298,RNF115,P56_13
8771,454,5.176148672,RNF115,P45_15
5951,469,7.881028399,RNF115,P07_15
4510,559,12.39467849,RNF115,P17_07
16723,609,3.641691084,RNF115,P64_11
5617,152,2.706070856,RNF115,P16_09
10569,397,3.756268332,RNF115,P28_07
6380,115,1.802507837,RNF115,P35_07
16008,30,0.187406297,RSF1,P86_08
17296,48,0.277520814,RSF1,P63_05
21928,22,0.100328347,RSF1,P11_07
18150,74,0.407713499,RSF1,P40_04
17295,25,0.144550448,RSF1,P13_13
10,0,0,RSF1,ddH2O
7616,2,0.026260504,RSF1,P47_11
11885,117,0.984434161,RSF1,P56_13
16230,125,0.770178681,RSF1,P45_15
11507,37,0.321543408,RSF1,P07_15
9135,0,0,RSF1,P17_07
35242,0,0,RSF1,P64_11
9966,30,0.30102348,RSF1,P16_09
28359,45,0.158679784,RSF1,P28_07
9661,3,0.031052686,RSF1,P35_07
564,0,0,SCRT1,P86_08
402,0,0,SCRT1,P63_05
241,0,0,SCRT1,P11_07
931,0,0,SCRT1,P40_04
1205,0,0,SCRT1,P13_13
2835,0,0,SCRT1,P47_11
1807,0,0,SCRT1,P56_13
1124,0,0,SCRT1,P45_15
952,0,0,SCRT1,P07_15
682,0,0,SCRT1,P17_07
2124,0,0,SCRT1,P64_11
699,0,0,SCRT1,P16_09
316,0,0,SCRT1,P28_07
2560,0,0,SCRT1,P35_07
1,0,0,SEMA6D,P11_07
2,2,100,SEMA6D,P56_13
7,0,0,SEMA6D,P07_15
1,0,0,SEMA6D,P28_07
610,0,0,SEPT7P2,P86_08
518,0,0,SEPT7P2,P63_05
66,0,0,SEPT7P2,P11_07
887,0,0,SEPT7P2,P40_04
1178,0,0,SEPT7P2,P13_13
2,0,0,SEPT7P2,ddH2O
3031,0,0,SEPT7P2,P47_11
1911,0,0,SEPT7P2,P56_13
986,0,0,SEPT7P2,P45_15
1056,0,0,SEPT7P2,P07_15
2333,0,0,SEPT7P2,P17_07
1841,0,0,SEPT7P2,P64_11
1097,0,0,SEPT7P2,P16_09
414,0,0,SEPT7P2,P28_07
1160,0,0,SEPT7P2,P35_07
966,192,19.8757764,SETD5,P86_08
898,176,19.59910913,SETD5,P63_05
1071,135,12.60504202,SETD5,P11_07
1239,533,43.01856336,SETD5,P40_04
1158,255,22.02072539,SETD5,P13_13
1571,649,41.31126671,SETD5,P47_11
1614,561,34.75836431,SETD5,P56_13
1570,495,31.52866242,SETD5,P45_15
1149,272,23.67275892,SETD5,P07_15
2849,930,32.64303264,SETD5,P17_07
2929,534,18.23147832,SETD5,P64_11
811,359,44.26633785,SETD5,P16_09
1393,251,18.01866475,SETD5,P28_07
775,344,44.38709677,SETD5,P35_07
56,0,0,SHQ1,P86_08
96,0,0,SHQ1,P63_05
255,0,0,SHQ1,P11_07
45,0,0,SHQ1,P40_04
30,0,0,SHQ1,P13_13
81,0,0,SHQ1,P47_11
49,1,2.040816327,SHQ1,P56_13
88,10,11.36363636,SHQ1,P45_15
69,23,33.33333333,SHQ1,P07_15
45,0,0,SHQ1,P17_07
146,0,0,SHQ1,P64_11
31,1,3.225806452,SHQ1,P16_09
119,14,11.76470588,SHQ1,P28_07
67,0,0,SHQ1,P35_07
1848,25,1.352813853,SLC24A3,P86_08
664,30,4.518072289,SLC24A3,P63_05
659,64,9.71168437,SLC24A3,P11_07
1734,39,2.249134948,SLC24A3,P40_04
2269,20,0.881445571,SLC24A3,P13_13
1997,60,3.00450676,SLC24A3,P47_11
2054,122,5.93962999,SLC24A3,P56_13
4005,70,1.747815231,SLC24A3,P45_15
2087,75,3.593675132,SLC24A3,P07_15
660,0,0,SLC24A3,P17_07
5526,20,0.361925443,SLC24A3,P64_11
1582,56,3.539823009,SLC24A3,P16_09
5677,179,3.153073807,SLC24A3,P28_07
1257,42,3.341288783,SLC24A3,P35_07
2,0,0,SLC5A7,P86_08
4,0,0,SLC5A7,P63_05
6,0,0,SLC5A7,P11_07
13,6,46.15384615,SLC5A7,P40_04
4,0,0,SLC5A7,P47_11
8,0,0,SLC5A7,P56_13
5,0,0,SLC5A7,P35_07
207,9,4.347826087,SPACA9,P86_08
129,8,6.201550388,SPACA9,P63_05
108,11,10.18518519,SPACA9,P11_07
179,9,5.027932961,SPACA9,P40_04
134,0,0,SPACA9,P13_13
269,17,6.319702602,SPACA9,P47_11
299,21,7.023411371,SPACA9,P56_13
264,6,2.272727273,SPACA9,P45_15
102,5,4.901960784,SPACA9,P07_15
181,7,3.867403315,SPACA9,P17_07
362,37,10.22099448,SPACA9,P64_11
141,7,4.964539007,SPACA9,P16_09
338,17,5.029585799,SPACA9,P28_07
160,12,7.5,SPACA9,P35_07
183,0,0,SPEG,P86_08
117,0,0,SPEG,P63_05
103,0,0,SPEG,P11_07
205,0,0,SPEG,P40_04
168,0,0,SPEG,P13_13
461,0,0,SPEG,P47_11
337,0,0,SPEG,P56_13
294,0,0,SPEG,P45_15
187,0,0,SPEG,P07_15
203,0,0,SPEG,P17_07
670,0,0,SPEG,P64_11
196,0,0,SPEG,P16_09
304,0,0,SPEG,P28_07
229,0,0,SPEG,P35_07
2593,10,0.385653683,STMN2,P86_08
2136,10,0.468164794,STMN2,P63_05
350,0,0,STMN2,P11_07
13406,6,0.044756079,STMN2,P40_04
4570,0,0,STMN2,P13_13
6,0,0,STMN2,ddH2O
14359,0,0,STMN2,P47_11
11205,19,0.169567158,STMN2,P56_13
4177,17,0.406990663,STMN2,P45_15
3545,9,0.253878702,STMN2,P07_15
22461,0,0,STMN2,P17_07
4152,3,0.072254335,STMN2,P64_11
11484,10,0.087077673,STMN2,P16_09
1184,24,2.027027027,STMN2,P28_07
13491,0,0,STMN2,P35_07
47664,0,0,SYNE1,P86_08
45043,0,0,SYNE1,P63_05
216089,0,0,SYNE1,P11_07
58349,0,0,SYNE1,P40_04
49468,0,0,SYNE1,P13_13
26,0,0,SYNE1,ddH2O
41976,0,0,SYNE1,P47_11
65266,0,0,SYNE1,P56_13
82779,0,0,SYNE1,P45_15
45268,1,0.002209066,SYNE1,P07_15
97347,0,0,SYNE1,P17_07
96479,0,0,SYNE1,P64_11
42107,0,0,SYNE1,P16_09
90743,0,0,SYNE1,P28_07
46418,0,0,SYNE1,P35_07
5466,5,0.09147457,SYNJ2,P86_08
18465,9,0.048740861,SYNJ2,P63_05
6330,24,0.379146919,SYNJ2,P11_07
8325,14,0.168168168,SYNJ2,P40_04
10030,149,1.48554337,SYNJ2,P13_13
5,0,0,SYNJ2,ddH2O
5915,0,0,SYNJ2,P47_11
11071,127,1.14714118,SYNJ2,P56_13
6371,26,0.408099199,SYNJ2,P45_15
5978,2,0.033456005,SYNJ2,P07_15
7198,0,0,SYNJ2,P17_07
9157,1,0.010920607,SYNJ2,P64_11
5557,1,0.017995321,SYNJ2,P16_09
7751,11,0.141917172,SYNJ2,P28_07
7387,3,0.040611886,SYNJ2,P35_07
478,9,1.882845188,SYT7,P86_08
657,11,1.674277017,SYT7,P63_05
135,0,0,SYT7,P11_07
2534,8,0.315706393,SYT7,P40_04
410,2,0.487804878,SYT7,P13_13
2,0,0,SYT7,ddH2O
4463,2,0.044812906,SYT7,P47_11
4237,26,0.613641728,SYT7,P56_13
915,15,1.639344262,SYT7,P45_15
837,6,0.716845878,SYT7,P07_15
1945,0,0,SYT7,P17_07
1341,0,0,SYT7,P64_11
3039,1,0.032905561,SYT7,P16_09
373,22,5.898123324,SYT7,P28_07
3252,4,0.12300123,SYT7,P35_07
909,0,0,TFAP2E,P86_08
483,0,0,TFAP2E,P63_05
116,0,0,TFAP2E,P11_07
427,0,0,TFAP2E,P40_04
375,0,0,TFAP2E,P13_13
1176,0,0,TFAP2E,P47_11
637,0,0,TFAP2E,P56_13
941,0,0,TFAP2E,P45_15
1255,0,0,TFAP2E,P07_15
1035,0,0,TFAP2E,P17_07
1048,0,0,TFAP2E,P64_11
410,0,0,TFAP2E,P16_09
511,0,0,TFAP2E,P28_07
355,0,0,TFAP2E,P35_07
1684,0,0,TRAPPC12,P86_08
1245,0,0,TRAPPC12,P63_05
2195,0,0,TRAPPC12,P11_07
1744,0,0,TRAPPC12,P40_04
970,0,0,TRAPPC12,P13_13
3,0,0,TRAPPC12,ddH2O
4238,0,0,TRAPPC12,P47_11
2842,0,0,TRAPPC12,P56_13
2057,0,0,TRAPPC12,P45_15
1417,0,0,TRAPPC12,P07_15
960,0,0,TRAPPC12,P17_07
3254,0,0,TRAPPC12,P64_11
1302,0,0,TRAPPC12,P16_09
2871,0,0,TRAPPC12,P28_07
2069,0,0,TRAPPC12,P35_07
9747,81,0.831024931,TRRAP,P86_08
9611,38,0.395380293,TRRAP,P63_05
17896,0,0,TRRAP,P11_07
8574,21,0.244926522,TRRAP,P40_04
6746,25,0.370589979,TRRAP,P13_13
6,0,0,TRRAP,ddH2O
8208,0,0,TRRAP,P47_11
13035,158,1.212121212,TRRAP,P56_13
15000,206,1.373333333,TRRAP,P45_15
9565,72,0.752744381,TRRAP,P07_15
12530,0,0,TRRAP,P17_07
17586,0,0,TRRAP,P64_11
5001,32,0.639872026,TRRAP,P16_09
15872,169,1.064768145,TRRAP,P28_07
6526,0,0,TRRAP,P35_07
3296,3189,96.75364078,TSPOAP1,P86_08
1536,1493,97.20052083,TSPOAP1,P63_05
1172,1112,94.88054608,TSPOAP1,P11_07
4339,4172,96.15118691,TSPOAP1,P40_04
4291,4120,96.01491494,TSPOAP1,P13_13
14435,14159,98.0879806,TSPOAP1,P47_11
5681,5459,96.09223728,TSPOAP1,P56_13
9788,9420,96.24029424,TSPOAP1,P45_15
3057,2920,95.51848217,TSPOAP1,P07_15
1948,1619,83.11088296,TSPOAP1,P17_07
10156,9835,96.83930681,TSPOAP1,P64_11
4437,4274,96.32634663,TSPOAP1,P16_09
4044,3841,94.98021761,TSPOAP1,P28_07
2732,2639,96.59590044,TSPOAP1,P35_07
1112,210,18.88489209,TUT7,P86_08
977,193,19.75435005,TUT7,P63_05
2022,564,27.89317507,TUT7,P11_07
821,120,14.61632156,TUT7,P40_04
869,0,0,TUT7,P13_13
1480,117,7.905405405,TUT7,P47_11
1496,236,15.77540107,TUT7,P56_13
1757,316,17.98520205,TUT7,P45_15
1093,253,23.14730101,TUT7,P07_15
401,31,7.730673317,TUT7,P17_07
2787,621,22.28202368,TUT7,P64_11
535,73,13.64485981,TUT7,P16_09
2035,300,14.74201474,TUT7,P28_07
678,87,12.83185841,TUT7,P35_07
623,0,0,UBASH3B,P86_08
498,1,0.200803213,UBASH3B,P63_05
259,0,0,UBASH3B,P11_07
565,0,0,UBASH3B,P40_04
533,0,0,UBASH3B,P13_13
1400,0,0,UBASH3B,P47_11
634,3,0.47318612,UBASH3B,P56_13
429,0,0,UBASH3B,P45_15
343,1,0.29154519,UBASH3B,P07_15
105,0,0,UBASH3B,P17_07
1640,0,0,UBASH3B,P64_11
451,2,0.44345898,UBASH3B,P16_09
412,0,0,UBASH3B,P28_07
746,0,0,UBASH3B,P35_07
1219,145,11.8949959,UBE3D,P86_08
1103,93,8.431550317,UBE3D,P63_05
601,57,9.484193012,UBE3D,P11_07
2280,327,14.34210526,UBE3D,P40_04
1149,53,4.612706701,UBE3D,P13_13
4971,607,12.21082277,UBE3D,P47_11
2354,179,7.604078165,UBE3D,P56_13
4234,724,17.09966934,UBE3D,P45_15
1993,268,13.44706473,UBE3D,P07_15
822,53,6.447688564,UBE3D,P17_07
4295,606,14.10942957,UBE3D,P64_11
1382,169,12.22865412,UBE3D,P16_09
1992,175,8.785140562,UBE3D,P28_07
883,49,5.549263873,UBE3D,P35_07
491,5,1.018329939,UNC13A,P86_08
425,3,0.705882353,UNC13A,P63_05
104,0,0,UNC13A,P11_07
3394,0,0,UNC13A,P40_04
1350,0,0,UNC13A,P13_13
4480,0,0,UNC13A,P47_11
3462,76,2.195262854,UNC13A,P56_13
865,44,5.086705202,UNC13A,P45_15
651,12,1.843317972,UNC13A,P07_15
1324,0,0,UNC13A,P17_07
1744,0,0,UNC13A,P64_11
3816,6,0.157232704,UNC13A,P16_09
489,32,6.54396728,UNC13A,P28_07
2634,2,0.075930144,UNC13A,P35_07
480,1,0.208333333,WDR35,P86_08
280,14,5,WDR35,P63_05
842,18,2.137767221,WDR35,P11_07
274,27,9.854014599,WDR35,P40_04
241,11,4.564315353,WDR35,P13_13
527,33,6.261859583,WDR35,P47_11
446,31,6.950672646,WDR35,P56_13
512,10,1.953125,WDR35,P45_15
248,1,0.403225806,WDR35,P07_15
169,13,7.692307692,WDR35,P17_07
969,4,0.412796698,WDR35,P64_11
236,12,5.084745763,WDR35,P16_09
746,26,3.485254692,WDR35,P28_07
271,2,0.73800738,WDR35,P35_07
177,0,0,ZFAT,P86_08
210,0,0,ZFAT,P63_05
535,0,0,ZFAT,P11_07
169,0,0,ZFAT,P40_04
108,0,0,ZFAT,P13_13
217,0,0,ZFAT,P47_11
190,0,0,ZFAT,P56_13
349,0,0,ZFAT,P45_15
222,0,0,ZFAT,P07_15
191,0,0,ZFAT,P17_07
341,0,0,ZFAT,P64_11
126,0,0,ZFAT,P16_09
338,0,0,ZFAT,P28_07
141,0,0,ZFAT,P35_07
13339,28,0.209910788,ZNF423,P86_08
3731,41,1.098901099,ZNF423,P63_05
5527,97,1.755020807,ZNF423,P11_07
8584,84,0.978564772,ZNF423,P40_04
12976,198,1.525893958,ZNF423,P13_13
2,0,0,ZNF423,ddH2O
10844,1062,9.793434157,ZNF423,P47_11
12257,383,3.124745044,ZNF423,P56_13
20399,555,2.720721604,ZNF423,P45_15
13848,237,1.711438475,ZNF423,P07_15
5868,88,1.499659168,ZNF423,P17_07
25484,433,1.699105321,ZNF423,P64_11
3867,91,2.35324541,ZNF423,P16_09
34366,624,1.815748123,ZNF423,P28_07
4168,50,1.199616123,ZNF423,P35_07
3297,34,1.031240522,ZNF431,P86_08
4715,42,0.890774125,ZNF431,P63_05
3611,35,0.969260593,ZNF431,P11_07
3338,20,0.599161174,ZNF431,P40_04
1832,1,0.054585153,ZNF431,P13_13
2665,78,2.926829268,ZNF431,P47_11
3030,36,1.188118812,ZNF431,P56_13
3317,44,1.326499849,ZNF431,P45_15
2428,20,0.823723229,ZNF431,P07_15
1227,11,0.896495518,ZNF431,P17_07
5615,54,0.961709706,ZNF431,P64_11
1816,14,0.77092511,ZNF431,P16_09
4414,25,0.566379701,ZNF431,P28_07
2478,14,0.564971751,ZNF431,P35_07
2017,0,0,ZNF521,P86_08
1686,0,0,ZNF521,P63_05
5118,0,0,ZNF521,P11_07
1195,0,0,ZNF521,P40_04
864,0,0,ZNF521,P13_13
2,0,0,ZNF521,ddH2O
1106,0,0,ZNF521,P47_11
1267,2,0.157853197,ZNF521,P56_13
2302,0,0,ZNF521,P45_15
1229,0,0,ZNF521,P07_15
840,0,0,ZNF521,P17_07
2819,0,0,ZNF521,P64_11
1106,0,0,ZNF521,P16_09
2458,0,0,ZNF521,P28_07
715,0,0,ZNF521,P35_07
104,0,0,ZNF527,P86_08
176,0,0,ZNF527,P63_05
383,0,0,ZNF527,P11_07
124,0,0,ZNF527,P40_04
26,0,0,ZNF527,P13_13
184,0,0,ZNF527,P47_11
140,0,0,ZNF527,P56_13
168,0,0,ZNF527,P45_15
106,0,0,ZNF527,P07_15
109,0,0,ZNF527,P17_07
174,0,0,ZNF527,P64_11
114,0,0,ZNF527,P16_09
260,0,0,ZNF527,P28_07
74,0,0,ZNF527,P35_07
11,0,0,ZNF529,P86_08
7,0,0,ZNF529,P63_05
29,0,0,ZNF529,P11_07
8,0,0,ZNF529,P40_04
65,0,0,ZNF529,P13_13
15,0,0,ZNF529,P47_11
18,0,0,ZNF529,P56_13
34,0,0,ZNF529,P45_15
29,0,0,ZNF529,P07_15
11,0,0,ZNF529,P17_07
38,0,0,ZNF529,P64_11
38,0,0,ZNF529,P16_09
41,0,0,ZNF529,P28_07
9,0,0,ZNF529,P35_07
244,0,0,ZNF583,P86_08
249,0,0,ZNF583,P63_05
224,0,0,ZNF583,P11_07
218,0,0,ZNF583,P40_04
219,0,0,ZNF583,P13_13
267,0,0,ZNF583,P47_11
310,0,0,ZNF583,P56_13
332,0,0,ZNF583,P45_15
196,0,0,ZNF583,P07_15
168,0,0,ZNF583,P17_07
447,0,0,ZNF583,P64_11
166,0,0,ZNF583,P16_09
347,0,0,ZNF583,P28_07
135,0,0,ZNF583,P35_07
13,0,0,ZNF826P,P63_05
15,0,0,ZNF826P,P40_04
4,0,0,ZNF826P,P56_13
29,0,0,ZNF826P,P64_11
6,0,0,ZNF826P,P28_07