sample_id,library_size
CGND-HRA-00013,112990950
CGND-HRA-00015,87909624
CGND-HRA-00017,99693946
CGND-HRA-00018,55337224
CGND-HRA-00019,87483022
CGND-HRA-00022,94581718
CGND-HRA-00027,98960684
CGND-HRA-00028,101899992
CGND-HRA-00029,109213368
CGND-HRA-00031,65422812
CGND-HRA-00032,95809160
CGND-HRA-00034,125239766
CGND-HRA-00036,104600468
CGND-HRA-00041,125639168
CGND-HRA-00042,81091616
CGND-HRA-00043,96736246
CGND-HRA-00045,78636108
CGND-HRA-00046,138127374
CGND-HRA-00047,138854412
CGND-HRA-00048,114879904
CGND-HRA-00050,82501552
CGND-HRA-00055,131382942
CGND-HRA-00056,96579032
CGND-HRA-00057,87658702
CGND-HRA-00059,89860054
CGND-HRA-00060,109721866
CGND-HRA-00061,106758268
CGND-HRA-00062,124476422
CGND-HRA-00064,103604250
CGND-HRA-00069,97264848
CGND-HRA-00070,58148812
CGND-HRA-00071,244358588
CGND-HRA-00073,111419276
CGND-HRA-00074,127098006
CGND-HRA-00075,145243766
CGND-HRA-00076,94622438
CGND-HRA-00078,66535184
CGND-HRA-00083,108543526
CGND-HRA-00085,133616364
CGND-HRA-00087,68579680
CGND-HRA-00088,99431368
CGND-HRA-00090,90836620
CGND-HRA-00092,102518684
EC03,65314976
EC08,93757586
EC09,64813226
EC10,92125652
EC11,68967270
EC13,82264296
EC16,65610720
EC19,69113842
EC21,66474882
EC22-internal-k,65877692
EC24,77367728
EC34-internal-k,77486328
EC40,71046780
EC42-C9,92614796
EC43,95494148
EC47,82410910
EC48,84718298
EC49,102079278
EC50,44926046
EC51,50962590
CGND-HRA-00099,93574596
CGND-HRA-00101,80899458
CGND-HRA-00108,105455414
CGND-HRA-00110,79506988
CGND-HRA-00111,101376764
CGND-HRA-00203,84764186
CGND-HRA-00204,81364224
CGND-HRA-00205,74483326
CGND-HRA-00206,77119978
CGND-HRA-00207,38398588
CGND-HRA-00208,93682400
CGND-HRA-00209,45497514
CGND-HRA-00210,89007020
CGND-HRA-00211,101389330
CGND-HRA-00212,96272002
CGND-HRA-00213,132089330
CGND-HRA-00214,84572120
CGND-HRA-00215,71686360
CGND-HRA-00216,104213042
CGND-HRA-00217,67456512
CGND-HRA-00218,120880772
CGND-HRA-00219,64661158
CGND-HRA-00220,131343176
CGND-HRA-00221,81617000
CGND-HRA-00222,91872880
CGND-HRA-00223,128720040
CGND-HRA-00224,98774662
CGND-HRA-00225,94016012
CGND-HRA-00226,111664742
CGND-HRA-00227,91300232
CGND-HRA-00228,44504254
CGND-HRA-00229,96508246
CGND-HRA-00230,109375040
CGND-HRA-00231,143601630
CGND-HRA-00232,82402392
CGND-HRA-00233,90291340
CGND-HRA-00234,101512320
CGND-HRA-00235,120189538
CGND-HRA-00236,141422288
CGND-HRA-00237,90279698
CGND-HRA-00238,88267730
CGND-HRA-00684,126883128
CGND-HRA-00685,128581094
CGND-HRA-00686,104567082
CGND-HRA-00687,81792418
CGND-HRA-00688,86843238
CGND-HRA-00689,84728256
CGND-HRA-00690,94816870
CGND-HRA-00691,94710888
CGND-HRA-00692,74424636
CGND-HRA-00693,96128486
CGND-HRA-00694,87419624
CGND-HRA-00695,81692562
CGND-HRA-00696,124560976
CGND-HRA-00697,97914652
CGND-HRA-00698,95449978
CGND-HRA-00700,103210186
CGND-HRA-00701,78516728
CGND-HRA-00702,89729958
CGND-HRA-00703,89246270
CGND-HRA-00704,81220370
CGND-HRA-00705,115503270
CGND-HRA-00707,126621554
CGND-HRA-00708,93949268
CGND-HRA-00709,103750278
CGND-HRA-00710,71835038
CGND-HRA-00714,114021758
CGND-HRA-00715,79774726
CGND-HRA-00716,88987866
CGND-HRA-00717,106703426
CGND-HRA-00054,47225292
CGND-HRA-00068,100076688
CGND-HRA-00077,46534404
CGND-HRA-00082,95421082
CGND-HRA-00089,135956896
CGND-HRA-00091,110134074
CGND-HRA-00096,106316958
CGND-HRA-00100,44386862
CGND-HRA-00103,130977592
CGND-HRA-00104,88941488
CGND-HRA-00106,113476924
CGND-HRA-00112,131873906
CGND-HRA-00118,85938612
CGND-HRA-00121,46250952
CGND-HRA-00128,143528904
CGND-HRA-00134,82633408
CGND-HRA-00143,103299148
CGND-HRA-00149,121350224
CGND-HRA-00151,146861922
CGND-HRA-00154,101954188
CGND-HRA-00155,87981856
CGND-HRA-00156,121392354
CGND-HRA-00159,95096196
CGND-HRA-00166,100680202
CGND-HRA-00168,101221406
CGND-HRA-00169,81998666
CGND-HRA-00170,107081358
CGND-HRA-00171,90292580
CGND-HRA-00178,90813150
CGND-HRA-00179,113874476
CGND-HRA-00182,83851694
CGND-HRA-00183,102854912
CGND-HRA-00188,124312582
CGND-HRA-00193,110895296
CGND-HRA-00194,64295562
CGND-HRA-00196,97631622
CGND-HRA-00197,84944940
CGND-HRA-00199,107725336
CGND-HRA-00202,71400660
CGND-HRA-00706,90309636
CGND-HRA-00713,103242288
CGND-HRA-00718,87358958
CGND-HRA-00719,120317198
CGND-HRA-00720,89730026
CGND-HRA-00721,95519700
CGND-HRA-00722,108768826
CGND-HRA-00723,94422444
CGND-HRA-00724,87761004
CGND-HRA-00725,109142622
CGND-HRA-00726,102280478
CGND-HRA-00727,100552058
CGND-HRA-00728,103952834
CGND-HRA-00729,99504314
CGND-HRA-00730,78575060
CGND-HRA-00014,99072320
CGND-HRA-00016,95244212
CGND-HRA-00020,80522240
CGND-HRA-00021,74663402
CGND-HRA-00023,130184708
CGND-HRA-00024,81041624
CGND-HRA-00025,89014440
CGND-HRA-00026,113451418
CGND-HRA-00035,96364372
CGND-HRA-00037,77618808
CGND-HRA-00038,114628932
CGND-HRA-00039,108115686
CGND-HRA-00040,88498186
CGND-HRA-00049,127915182
CGND-HRA-00051,104223556
CGND-HRA-00052,134796584
CGND-HRA-00053,82086596
CGND-HRA-00058,82261192
CGND-HRA-00063,115154502
CGND-HRA-00065,107693028
CGND-HRA-00066,129130090
CGND-HRA-00072,101909316
CGND-HRA-00079,127116342
CGND-HRA-00081,107303756
CGND-HRA-00084,106110316
CGND-HRA-00086,109493138
CGND-HRA-00093,96669084
CGND-HRA-00095,85679376
CGND-HRA-00124,79475670
CGND-HRA-00126,95260982
CGND-HRA-00129,91329218
CGND-HRA-00139,132870532
CGND-HRA-00148,107598704
CGND-HRA-00153,111053554
CGND-HRA-00160,136514732
CGND-HRA-00295,135899088
CGND-HRA-00296,82135544
CGND-HRA-00297,106980416
CGND-HRA-00298,87536136
CGND-HRA-00299,70460240
CGND-HRA-00300,90346898
CGND-HRA-00301,84529708
CGND-HRA-00302,104382324
CGND-HRA-00303,76261350
CGND-HRA-00304,93508516
CGND-HRA-00305,173002948
CGND-HRA-00306,71596802
CGND-HRA-00307,86764778
CGND-HRA-00308,94114854
CGND-HRA-00309,61425546
CGND-HRA-00310,85673192
CGND-HRA-00311,66156608
CGND-HRA-00312,93048966
CGND-HRA-00313,80190232
CGND-HRA-00314,96199398
CGND-HRA-00315,91834966
CGND-HRA-00316,61283454
CGND-HRA-00317,82231866
CGND-HRA-00318,82397504
CGND-HRA-00319,66769758
CGND-HRA-00320,76261492
CGND-HRA-00321,59826710
CGND-HRA-00323,68405258
CGND-HRA-00324,64271216
CGND-HRA-00325,94498750
CGND-HRA-00326,80182036
CGND-HRA-00328,100570760
CGND-HRA-00330,88182840
CGND-HRA-00331,89083878
CGND-HRA-00333,101801426
CGND-HRA-00334,73944162
CGND-HRA-00335,84463358
CGND-HRA-00336,78473636
CGND-HRA-00338,86806268
CGND-HRA-00340,80262182
CGND-HRA-00341,87791016
CGND-HRA-00342,75512372
CGND-HRA-00343,95918552
CGND-HRA-00344,119947950
CGND-HRA-00345,82736936
CGND-HRA-00346,101954408
CGND-HRA-00347,87782678
CGND-HRA-00348,90056888
CGND-HRA-00350,88034780
CGND-HRA-00352,94163822
CGND-HRA-00353,105786028
CGND-HRA-00380,82441442
CGND-HRA-00381,88637128
CGND-HRA-00382,89298550
CGND-HRA-00383,97576120
CGND-HRA-00384,121227928
CGND-HRA-00385,81820210
CGND-HRA-00386,105854674
CGND-HRA-00387,62711592
CGND-HRA-00388,99780012
CGND-HRA-00339,101016378
CGND-HRA-00349,96029084
CGND-HRA-00351,86514050
CGND-HRA-00354,86621024
CGND-HRA-00355,82538104
CGND-HRA-00356,90290878
CGND-HRA-00357,109170122
CGND-HRA-00358,82636324
CGND-HRA-00359,84870920
CGND-HRA-00360,98046368
CGND-HRA-00361,84230258
CGND-HRA-00362,85508534
CGND-HRA-00363,100597078
CGND-HRA-00365,89817338
CGND-HRA-00366,90150558
CGND-HRA-00367,76257424
CGND-HRA-00368,54890742
CGND-HRA-00369,95297078
CGND-HRA-00370,88236270
CGND-HRA-00372,87403948
CGND-HRA-00373,78956234
CGND-HRA-00374,106071530
CGND-HRA-00375,91035998
CGND-HRA-00376,104527352
CGND-HRA-00389,88166226
CGND-HRA-00390,94686298
CGND-HRA-00391,102819518
CGND-HRA-00392,93681882
CGND-HRA-00393,105745912
CGND-HRA-00394,61774504
CGND-HRA-00395,113064354
CGND-HRA-00396,78058974
CGND-HRA-00397,107121902
CGND-HRA-00398,77293298
CGND-HRA-00399,97808108
CGND-HRA-00400,84377208
CGND-HRA-00401,92997726
CGND-HRA-00402,48800994
CGND-HRA-00403,109038914
CGND-HRA-00404,81556132
CGND-HRA-00405,88068678
CGND-HRA-00406,95616786
CGND-HRA-00407,76524586
CGND-HRA-00408,101835340
CGND-HRA-00409,89293950
CGND-HRA-00410,108183382
CGND-HRA-00411,92079462
CGND-HRA-00412,106545056
CGND-HRA-00751,58585348
CGND-HRA-00752,102811152
CGND-HRA-00753,90827580
CGND-HRA-00754,78312154
CGND-HRA-00755,73492234
CGND-HRA-00756,124632834
CGND-HRA-00757,60453016
CGND-HRA-00758,146284460
CGND-HRA-00759,79145304
CGND-HRA-00760,107574550
CGND-HRA-00773,82471742
CGND-HRA-00774,71818820
CGND-HRA-00775,95117092
CGND-HRA-00776,104434222
CGND-HRA-00777,90528514
CGND-HRA-00783,101541332
CGND-HRA-00784,69727416
CGND-HRA-00785,77154208
CGND-HRA-00786,79837936
CGND-HRA-00787,73273416
CGND-HRA-00788,77979794
CGND-HRA-00789,90728040
CGND-HRA-00790,86223458
CGND-HRA-00791,118149436
CGND-HRA-00792,67350594
CGND-HRA-00793,100817012
CGND-HRA-00794,98662554
CGND-HRA-00795,90664700
CGND-HRA-00796,77416990
CGND-HRA-00798,89870926
CGND-HRA-00799,106026080
CGND-HRA-00871,77247612
CGND-HRA-00872,91843400
CGND-HRA-00873,113116634
CGND-HRA-00874,62877098
CGND-HRA-00875,71968632
CGND-HRA-00925,80697808
CGND-HRA-00926,92148560
CGND-HRA-00927,73382162
CGND-HRA-00928,90842014
CGND-HRA-00929,126813482
CGND-HRA-00414,80510778
CGND-HRA-00653,110830544
CGND-HRA-00654,90946028
CGND-HRA-00655,93214032
CGND-HRA-00656,89178788
CGND-HRA-00657,100917256
CGND-HRA-00152,111929580
CGND-HRA-00175,97155760
CGND-HRA-00195,103939318
CGND-HRA-00198,93158988
CGND-HRA-00270,112918762
CGND-HRA-00277,81104542
CGND-HRA-00282,135518820
CGND-HRA-00377,78331694
CGND-HRA-00378,87831208
CGND-HRA-00379,93153514
CGND-HRA-00413,96272748
CGND-HRA-00415,102357954
CGND-HRA-00416,94962648
CGND-HRA-00417,128824444
CGND-HRA-00418,131653436
CGND-HRA-00419,120953712
CGND-HRA-00420,118313754
CGND-HRA-00421,81524558
CGND-HRA-00422,71172058
CGND-HRA-00423,65278350
CGND-HRA-00424,73604244
CGND-HRA-00425,67479922
CGND-HRA-00426,70555802
CGND-HRA-00427,73815264
CGND-HRA-00428,61824918
CGND-HRA-00429,87957714
CGND-HRA-00430,79047808
CGND-HRA-00431,48739974
CGND-HRA-00432,73654742
CGND-HRA-00433,128092676
CGND-HRA-00434,123983458
CGND-HRA-00435,69831638
CGND-HRA-00436,66795104
CGND-HRA-00437,88973386
CGND-HRA-00438,174593222
CGND-HRA-00439,91742400
CGND-HRA-00242,102936504
CGND-HRA-00250,100953876
CGND-HRA-00251,87876260
CGND-HRA-00252,96756178
CGND-HRA-00254,104484436
CGND-HRA-00260,95840418
CGND-HRA-00261,94294358
CGND-HRA-00262,114052824
CGND-HRA-00264,107552202
CGND-HRA-00272,112436600
CGND-HRA-00275,89951896
CGND-HRA-00276,112947038
CGND-HRA-00284,93177900
CGND-HRA-00285,106996552
CGND-HRA-00288,96757256
CGND-HRA-00337,74350476
CGND-HRA-00364,105639900
CGND-HRA-00612,129811100
CGND-HRA-00241,66701896
CGND-HRA-00245,106452434
CGND-HRA-00246,99999366
CGND-HRA-00247,76941822
CGND-HRA-00248,72316812
CGND-HRA-00255,104842534
CGND-HRA-00256,127904250
CGND-HRA-00258,53255656
CGND-HRA-00259,77748718
CGND-HRA-00263,65100766
CGND-HRA-00265,84319536
CGND-HRA-00266,72485854
CGND-HRA-00267,75565644
CGND-HRA-00268,71299410
CGND-HRA-00269,116480166
CGND-HRA-00279,106439190
CGND-HRA-00280,94275536
CGND-HRA-00281,105239738
CGND-HRA-00283,52260574
CGND-HRA-00286,79372658
CGND-HRA-00287,89969580
CGND-HRA-00523,78835830
CGND-HRA-00525,81354696
CGND-HRA-00526,88928826
CGND-HRA-00527,91926800
CGND-HRA-00528,80061814
CGND-HRA-00529,90096874
CGND-HRA-00530,82117858
CGND-HRA-00553,86745162
CGND-HRA-00554,91129022
CGND-HRA-00559,79403156
CGND-HRA-00560,90071688
CGND-HRA-00563,71669008
CGND-HRA-00564,61236892
CGND-HRA-00565,77296642
CGND-HRA-00566,69448476
CGND-HRA-00567,91962372
CGND-HRA-00568,75166044
CGND-HRA-00569,82126616
CGND-HRA-00570,69548806
CGND-HRA-00531,105518590
CGND-HRA-00532,115656262
CGND-HRA-00533,80442882
CGND-HRA-00534,91159020
CGND-HRA-00535,97898864
CGND-HRA-00536,72892490
CGND-HRA-00538,98615584
CGND-HRA-00540,122851770
CGND-HRA-00542,85930256
CGND-HRA-00543,78394888
CGND-HRA-00544,77347004
CGND-HRA-00545,82727960
CGND-HRA-00546,84854914
CGND-HRA-00547,97920470
CGND-HRA-00549,65671554
CGND-HRA-00550,114072996
CGND-HRA-00551,110153420
CGND-HRA-00555,91171174
CGND-HRA-00556,91380332
CGND-HRA-00557,109574334
CGND-HRA-00558,95627506
CGND-HRA-00561,101274186
CGND-HRA-00562,108927092
CGND-HRA-00571,162202366
CGND-HRA-00572,49927602
CGND-HRA-00573,95044530
CGND-HRA-00574,86113220
CGND-HRA-00575,85376050
CGND-HRA-00576,106419166
CGND-HRA-00577,103414140
CGND-HRA-00578,77521238
CGND-HRA-00579,85025128
CGND-HRA-00580,58849236
CGND-HRA-00581,202464440
CGND-HRA-00582,77835314
CGND-HRA-00583,97531306
CGND-HRA-00584,87700678
CGND-HRA-00585,123326524
CGND-HRA-00590,95441082
CGND-HRA-00593,84471654
CGND-HRA-00596,82985530
CGND-HRA-00598,95684806
CGND-HRA-00601,131098302
CGND-HRA-00631,99767570
CGND-HRA-00633,90150170
CGND-HRA-00634,107552314
CGND-HRA-00240,83771264
CGND-HRA-00243,60272248
CGND-HRA-00244,63214514
CGND-HRA-00249,89127128
CGND-HRA-00271,88693730
CGND-HRA-00273,84873028
CGND-HRA-00548,76088906
CGND-HRA-00552,80672618
CGND-HRA-00586,106251170
CGND-HRA-00587,45952178
CGND-HRA-00588,78221460
CGND-HRA-00589,129394832
CGND-HRA-00592,111133710
CGND-HRA-00594,77868672
CGND-HRA-00595,134391922
CGND-HRA-00599,66970978
CGND-HRA-00600,82851038
CGND-HRA-00603,101706960
CGND-HRA-00604,100649382
CGND-HRA-00605,173300374
CGND-HRA-00606,103602828
CGND-HRA-00609,97082324
CGND-HRA-00620,94004340
CGND-HRA-00621,82091432
CGND-HRA-00622,112249804
CGND-HRA-00623,88628898
CGND-HRA-01185,120818706
CGND-HRA-01186,79096844
CGND-HRA-01187,97157720
CGND-HRA-01204,86215560
CGND-HRA-01205,97583210
CGND-HRA-01206,107616770
CGND-HRA-01207,71331100
CGND-HRA-01208,85040264
CGND-HRA-01209,87182876
CGND-HRA-01219,84945052
CGND-HRA-01220,94789134
CGND-HRA-01222,86912732
CGND-HRA-01223,96041502
CGND-HRA-01224,75614618
CGND-HRA-01225,96196396
CGND-HRA-01227,76754434
CGND-HRA-01228,101419618
CGND-HRA-01234,104470980
CGND-HRA-01235,82675210
CGND-HRA-01236,100171658
CGND-HRA-00239,83359314
CGND-HRA-00539,82618178
CGND-HRA-00607,99232874
CGND-HRA-00608,71790872
CGND-HRA-00610,99731218
CGND-HRA-00611,79782690
CGND-HRA-00613,94683344
CGND-HRA-00614,86301060
CGND-HRA-00615,86277028
CGND-HRA-00616,82299584
CGND-HRA-01212,85374028
CGND-HRA-01213,81313968
CGND-HRA-01217,84823988
CGND-HRA-01218,85165428
CGND-HRA-01231,92310818
CGND-HRA-01232,79193106
CGND-HRA-01233,89733340
CGND-HRA-01237,53119400
CGND-HRA-01238,91811062
CGND-HRA-01239,93598100
CGND-HRA-01240,101022252
CGND-HRA-01241,84760742
CGND-HRA-01242,91063124
CGND-HRA-01243,75992730
CGND-HRA-01244,107203024
CGND-HRA-01245,70830416
CGND-HRA-01246,74125030
CGND-HRA-01247,92716534
CGND-HRA-01248,71795158
CGND-HRA-01251,85171652
CGND-HRA-01253,85669564
CGND-HRA-01254,86359954
CGND-HRA-01255,81383344
CGND-HRA-01256,105159468
CGND-HRA-01257,93949200
CGND-HRA-01258,90231760
CGND-HRA-01259,71054654
CGND-HRA-01260,80595374
CGND-HRA-01261,85140744
CGND-HRA-01263,92954638
CGND-HRA-01264,90899218
CGND-HRA-01265,86827116
CGND-HRA-01266,74188350
CGND-HRA-01267,127264452
CGND-HRA-01269,86944714
CGND-HRA-00618,53154696
CGND-HRA-01270,94015740
CGND-HRA-01283,92318790
CGND-HRA-01284,103695136
CGND-HRA-01285,100912518
CGND-HRA-01291,87899632
CGND-HRA-01292,63679654
CGND-HRA-01293,93098424
CGND-HRA-01294,92971250
CGND-HRA-01297,96262798
CGND-HRA-01298,105972976
CGND-HRA-01299,93121236
CGND-HRA-01300,130417752
CGND-HRA-01327,78010088
CGND-HRA-01328,105197046
CGND-HRA-01329,83698118
CGND-HRA-01331,46019118
CGND-HRA-01333,63719216
CGND-HRA-01335,63471152
CGND-HRA-01337,114747494
CGND-HRA-01339,75512720
CGND-HRA-01341,149101104
CGND-HRA-01342,79213336
CGND-HRA-01343,179752834
CGND-HRA-01344,65716566
CGND-HRA-01345,53871360
CGND-HRA-01349,75507014
CGND-HRA-01352,48403574
CGND-HRA-01353,63311140
CGND-HRA-01354,103528872
CGND-HRA-01355,101272420
CGND-HRA-00846,240926742
CGND-HRA-00902,46817994
CGND-HRA-00989,114590224
CGND-HRA-01169,58946554
CGND-HRA-00460,53541942
CGND-HRA-00465,64329990
CGND-HRA-00466,73838548
CGND-HRA-00469,80761238
CGND-HRA-00476,121892916
CGND-HRA-00479,51058706
CGND-HRA-00480,88567754
CGND-HRA-00481,61491744
CGND-HRA-00486,92564916
CGND-HRA-00487,79075014
CGND-HRA-00492,95601526
CGND-HRA-00636,73271320
CGND-HRA-00662,95632734
CGND-HRA-00671,181671256
CGND-HRA-00672,55979564
CGND-HRA-00746,124142434
CGND-HRA-01179,71539920
CGND-HRA-01268,74642000
CGND-HRA-01286,128111672
CGND-HRA-01287,75171596
CGND-HRA-01289,108024750
CGND-HRA-01295,100113592
CGND-HRA-01296,47992498
CGND-HRA-01302,60746080
CGND-HRA-01330,59869484
CGND-HRA-01332,89195662
CGND-HRA-01336,69789498
CGND-HRA-01338,74711458
CGND-HRA-01340,55461156
CGND-HRA-01348,122112050
CGND-HRA-01350,81087914
CGND-HRA-01356,68250028
CGND-HRA-01357,133847160
CGND-HRA-01358,57859392
CGND-HRA-01359,64581068
CGND-HRA-01360,61950670
CGND-HRA-01361,103319456
CGND-HRA-01362,60293086
CGND-HRA-01363,75833060
CGND-HRA-01364,95535618
CGND-HRA-01365,133404124
CGND-HRA-01366,74333148
CGND-HRA-01367,85972948
CGND-HRA-01369,96074008
CGND-HRA-01370,68239336
CGND-HRA-00371,74082384
CGND-HRA-00643,126595500
CGND-HRA-00676,83709348
CGND-HRA-00731,110594246
CGND-HRA-01178,94900842
CGND-HRA-01371,57380480
CGND-HRA-01372,75787422
CGND-HRA-01373,102560134
CGND-HRA-01378,102941644
CGND-HRA-01379,98676592
CGND-HRA-00322,76709330
CGND-HRA-00431-2,57431430
CGND-HRA-00537,68990094
CGND-HRA-00617,78009366
CGND-HRA-00624,116175958
CGND-HRA-00625,93401688
CGND-HRA-00626,93015578
CGND-HRA-00637,79536436
CGND-HRA-00638,91121710
CGND-HRA-00640,51881034
CGND-HRA-00641,76650928
CGND-HRA-00642,75438916
CGND-HRA-00644,90183120
CGND-HRA-00645,72350790
CGND-HRA-00648,109352506
CGND-HRA-00649,95882732
CGND-HRA-00650,111413578
CGND-HRA-00651,93580768
CGND-HRA-00652,97864774
CGND-HRA-00658,99072368
CGND-HRA-00659,145894342
CGND-HRA-00660,91158170
CGND-HRA-00661,87992114
CGND-HRA-00663,116398198
CGND-HRA-00664,129326848
CGND-HRA-00665,89731254
CGND-HRA-00666,84560480
CGND-HRA-00667,74617250
CGND-HRA-00668,77717962
CGND-HRA-00669,120839272
CGND-HRA-00670,119841070
CGND-HRA-00673,128955990
CGND-HRA-00674,90486702
CGND-HRA-00675,82555536
CGND-HRA-00680,95967780
CGND-HRA-00681,127544334
CGND-HRA-01184,118514086
CGND-HRA-01230,84388082
CGND-HRA-01250,90402466
CGND-HRA-01288,94972336
CGND-HRA-01290,93938824
CGND-HRA-00761,95924316
CGND-HRA-00763,91098270
CGND-HRA-00764,86664282
CGND-HRA-00765,85652462
CGND-HRA-00766,124633100
CGND-HRA-00767,107461174
CGND-HRA-00769,91123290
CGND-HRA-00770,87087276
CGND-HRA-00771,95188898
CGND-HRA-00772,96146854
CGND-HRA-00779,99817922
CGND-HRA-00781,84887316
CGND-HRA-00782,90270474
CGND-HRA-00802,110085538
CGND-HRA-00803,98884812
CGND-HRA-00804,89992250
CGND-HRA-00805,91274234
CGND-HRA-00806,98002736
CGND-HRA-00807,102660112
CGND-HRA-00808,92623880
CGND-HRA-00809,95597004
CGND-HRA-00810,121019150
CGND-HRA-00811,95276436
CGND-HRA-00812,105204784
CGND-HRA-00813,93968320
CGND-HRA-00814,98697942
CGND-HRA-00815,90501384
CGND-HRA-00816,100555326
CGND-HRA-00817,103349334
CGND-HRA-00818,89012534
CGND-HRA-00819,92544856
CGND-HRA-00820,92058380
CGND-HRA-00821,102279772
CGND-HRA-00822,92241368
CGND-HRA-00823,89971746
CGND-HRA-00824,115390506
CGND-HRA-00825,83367550
CGND-HRA-00826,97360104
CGND-HRA-00827,89973812
CGND-HRA-00828,99272584
CGND-HRA-00829,85467682
CGND-HRA-00830,95679550
CGND-HRA-00832,94363156
CGND-HRA-00833,96693724
CGND-HRA-00834,99189930
CGND-HRA-00835,94598450
CGND-HRA-00836,99247028
CGND-HRA-00837,90294824
CGND-HRA-00838,81969834
CGND-HRA-00839,93806798
CGND-HRA-00840,103172104
CGND-HRA-00841,80978478
CGND-HRA-00842,83285488
CGND-HRA-00843,83882186
CGND-HRA-00845,98898784
CGND-HRA-00847,89806664
CGND-HRA-00848,97317560
CGND-HRA-00849,85342854
CGND-HRA-00850,98556556
CGND-HRA-00851,98447770
CGND-HRA-00852,93200110
CGND-HRA-00853,96303728
CGND-HRA-00854,91027434
CGND-HRA-00855,89889098
CGND-HRA-00856,89221444
CGND-HRA-00857,87744062
CGND-HRA-00858,93399292
CGND-HRA-00859,85220272
CGND-HRA-00861,87499268
CGND-HRA-00862,105523448
CGND-HRA-00863,104706084
CGND-HRA-00864,82247182
CGND-HRA-00865,94285046
CGND-HRA-00866,84553152
CGND-HRA-00867,103073742
CGND-HRA-00868,94127754
CGND-HRA-00869,98766548
CGND-HRA-00870,96189484
CGND-HRA-00876,91090966
CGND-HRA-00877,97328142
CGND-HRA-00878,91135492
CGND-HRA-00879,81575470
CGND-HRA-00880,91217822
CGND-HRA-00881,88834876
CGND-HRA-00882,89660682
CGND-HRA-00883,89818258
CGND-HRA-00884,91643602
CGND-HRA-00885,96810422
CGND-HRA-00886,85524304
CGND-HRA-00887,89880366
CGND-HRA-01081,95341998
CGND-HRA-01082,87433380
CGND-HRA-01083,78873758
CGND-HRA-01604,97930998
CGND-HRA-01605,92627370
CGND-HRA-00888,283809806
CGND-HRA-00891,293266642
CGND-HRA-00892,280523586
CGND-HRA-00893,171214448
CGND-HRA-00894,254689210
CGND-HRA-00895,252087036
CGND-HRA-00896,249402950
CGND-HRA-00897,227059226
CGND-HRA-00898,239374888
CGND-HRA-00899,305758976
CGND-HRA-00900,271492548
CGND-HRA-00901,262449208
CGND-HRA-00903,297629004
CGND-HRA-00904,264035952
CGND-HRA-00905,247345288
CGND-HRA-00906,226228892
CGND-HRA-00907,234438054
CGND-HRA-00908,250051300
CGND-HRA-00909,348633720
CGND-HRA-00910,257985040
CGND-HRA-00911,295601736
CGND-HRA-00912,249436610
CGND-HRA-00913,252329542
CGND-HRA-00914,260470638
CGND-HRA-00915,298279658
CGND-HRA-00916,280620496
CGND-HRA-00917,253406122
CGND-HRA-00918,271109378
CGND-HRA-00919,248522974
CGND-HRA-00920,271425788
CGND-HRA-00921,279630060
CGND-HRA-00923,309342566
CGND-HRA-00924,226588884
CGND-HRA-00930,254646952
CGND-HRA-00931,271268986
CGND-HRA-00932,290682298
CGND-HRA-00933,251373124
CGND-HRA-00934,289665536
CGND-HRA-00936,310228148
CGND-HRA-00937,262551906
CGND-HRA-00938,276525400
CGND-HRA-00939,255226882
CGND-HRA-00940,283595360
CGND-HRA-00941,224012918
CGND-HRA-00942,235815908
CGND-HRA-00943,268436184
CGND-HRA-00944,301777648
CGND-HRA-00945,230612216
CGND-HRA-00946,229689746
CGND-HRA-00947,218978708
CGND-HRA-00948,259916926
CGND-HRA-00949,269864518
CGND-HRA-00950,262590214
CGND-HRA-00951,322201108
CGND-HRA-00953,237497948
CGND-HRA-00954,163535428
CGND-HRA-00955,264915402
CGND-HRA-00956,255675252
CGND-HRA-00957,268749460
CGND-HRA-00958,271130040
CGND-HRA-00959,266048210
CGND-HRA-00960,186736652
CGND-HRA-00961,277377762
CGND-HRA-00962,246465336
CGND-HRA-00963,246241274
CGND-HRA-00964,307135584
CGND-HRA-00965,256169274
CGND-HRA-00966,309177972
CGND-HRA-00967,291208100
CGND-HRA-00968,257701574
CGND-HRA-00969,299847560
CGND-HRA-00970,277836012
CGND-HRA-00971,271438278
CGND-HRA-00972,259484504
CGND-HRA-00973,293138928
CGND-HRA-00974,256847214
CGND-HRA-00975,246988532
CGND-HRA-00976,257060466
CGND-HRA-00978,268328364
CGND-HRA-00979,226046264
CGND-HRA-00980,289596806
CGND-HRA-00981,272716346
CGND-HRA-00982,281092890
CGND-HRA-00983,241126964
CGND-HRA-00985,287684120
CGND-HRA-00986,276622030
CGND-HRA-00987,207519988
CGND-HRA-00988,377589398
CGND-HRA-00990,279463238
CGND-HRA-00992,94743300
CGND-HRA-00993,101151704
CGND-HRA-00994,101225694
CGND-HRA-00996,109644720
CGND-HRA-00997,107194404
CGND-HRA-00998,97847774
CGND-HRA-00999,110530080
CGND-HRA-01000,88338682
CGND-HRA-01001,103024918
CGND-HRA-01003,87771910
CGND-HRA-01004,122489374
CGND-HRA-01005,97409348
CGND-HRA-01007,98060130
CGND-HRA-01008,86169920
CGND-HRA-01009,88389146
CGND-HRA-01010,102690362
CGND-HRA-01011,84373230
CGND-HRA-01012,99036432
CGND-HRA-01013,87721494
CGND-HRA-01014,86857968
CGND-HRA-01015,88218968
CGND-HRA-01016,113190418
CGND-HRA-01017,105316584
CGND-HRA-01018,90902604
CGND-HRA-01019,89448068
CGND-HRA-01020,100853278
CGND-HRA-01021,102461950
CGND-HRA-01022,102394762
CGND-HRA-01023,85631850
CGND-HRA-01024,107683600
CGND-HRA-01025,86514260
CGND-HRA-01026,113728682
CGND-HRA-01027,104779750
CGND-HRA-01028,108316778
CGND-HRA-01029,98307600
CGND-HRA-01030,91201692
CGND-HRA-01031,82857938
CGND-HRA-01032,94345394
CGND-HRA-01033,114350800
CGND-HRA-01034,84630190
CGND-HRA-01035,133220718
CGND-HRA-01036,119670746
CGND-HRA-01037,90336380
CGND-HRA-01038,96448232
CGND-HRA-01039,101873500
CGND-HRA-01040,92928966
CGND-HRA-01041,85922514
CGND-HRA-01042,101871464
CGND-HRA-01043,84410004
CGND-HRA-01044,126409974
CGND-HRA-01045,94816328
CGND-HRA-01046,99212118
CGND-HRA-01047,82896966
CGND-HRA-01048,102342132
CGND-HRA-01049,86007746
CGND-HRA-01050,113982996
CGND-HRA-01051,97113722
CGND-HRA-01052,92570264
CGND-HRA-01053,103013404
CGND-HRA-01054,109468112
CGND-HRA-01055,117148880
CGND-HRA-01056,103904202
CGND-HRA-01057,99139026
CGND-HRA-01058,102334954
CGND-HRA-01059,127583882
CGND-HRA-01060,98584558
CGND-HRA-01061,100495594
CGND-HRA-01062,110035818
CGND-HRA-01063,128975644
CGND-HRA-01064,110269188
CGND-HRA-01065,111102298
CGND-HRA-01066,123130480
CGND-HRA-01067,114768946
CGND-HRA-01068,112846880
CGND-HRA-01069,103783388
CGND-HRA-01070,138850442
CGND-HRA-01071,127873830
CGND-HRA-01072,118940792
CGND-HRA-01073,132007402
CGND-HRA-01074,108982724
CGND-HRA-01075,105122232
CGND-HRA-01076,135770418
CGND-HRA-01077,103995622
CGND-HRA-01078,116493766
CGND-HRA-01079,118423856
CGND-HRA-01080,108188134
CGND-HRA-01084,114942346
CGND-HRA-01085,109032702
CGND-HRA-01086,111393114
CGND-HRA-01089,104956598
CGND-HRA-01090,93430258
CGND-HRA-01091,91257170
CGND-HRA-01092,145060692
CGND-HRA-01093,119280546
CGND-HRA-01094,96965126
CGND-HRA-01095,126675478
CGND-HRA-01096,120363522
CGND-HRA-01097,91898468
CGND-HRA-01098,109998474
CGND-HRA-01099,130010292
CGND-HRA-01100,117744676
CGND-HRA-01101,114001082
CGND-HRA-01102,97383252
CGND-HRA-01103,94217920
CGND-HRA-01105,136331720
CGND-HRA-01106,94102198
CGND-HRA-01107,113732544
CGND-HRA-01108,97128358
CGND-HRA-01110,126667466
CGND-HRA-01111,107818278
CGND-HRA-01112,128401966
CGND-HRA-01113,108691080
CGND-HRA-01117,117432180
CGND-HRA-01118,132240824
CGND-HRA-01119,111272674
CGND-HRA-01120,99856822
CGND-HRA-01121,92671448
CGND-HRA-01122,120312670
CGND-HRA-01123,113403546
CGND-HRA-01124,109502320
CGND-HRA-01125,135209340
CGND-HRA-01126,92696744
CGND-HRA-01127,116976776
CGND-HRA-01128,126346086
CGND-HRA-01129,109617070
CGND-HRA-01130,109222076
CGND-HRA-01131,118226682
CGND-HRA-01132,113083450
CGND-HRA-01133,105209206
CGND-HRA-01134,98429456
CGND-HRA-01136,122639282
CGND-HRA-01137,113096264
CGND-HRA-01138,113105444
CGND-HRA-01139,90477366
CGND-HRA-01140,108565224
CGND-HRA-01141,115513880
CGND-HRA-01142,114058888
CGND-HRA-01143,110644404
CGND-HRA-01145,115835786
CGND-HRA-01146,96605022
CGND-HRA-01147,123687972
CGND-HRA-01149,135139030
CGND-HRA-01150,111911618
CGND-HRA-01151,104133960
CGND-HRA-01153,115030966
CGND-HRA-01154,126794582
CGND-HRA-01155,114988900
CGND-HRA-01156,111990110
CGND-HRA-01157,126439984
CGND-HRA-01158,110801658
CGND-HRA-01159,103433642
CGND-HRA-01160,108791496
CGND-HRA-01161,107550178
CGND-HRA-01162,127393310
CGND-HRA-01163,116066278
CGND-HRA-01164,116065956
CGND-HRA-01165,107822144
CGND-HRA-01167,138475436
CGND-HRA-01168,145854566
CGND-HRA-01170,111843964
CGND-HRA-01171,128926278
CGND-HRA-01172,127482254
CGND-HRA-01191,124608060
CGND-HRA-01192,108456672
CGND-HRA-01193,87526382
CGND-HRA-01194,121851536
CGND-HRA-01195,109284110
CGND-HRA-01196,128746256
CGND-HRA-01198,117716512
CGND-HRA-01199,113242662
CGND-HRA-01200,120452902
CGND-HRA-01201,117054332
CGND-HRA-01202,114317778
CGND-HRA-01203,109626192
CGND-HRA-01275,108938554
CGND-HRA-00097,120930804
CGND-HRA-00102,109561962
CGND-HRA-00115,97249650
CGND-HRA-00120,91038826
CGND-HRA-00125,101360924
CGND-HRA-00130,102381406
CGND-HRA-00131,116406698
CGND-HRA-00132,110757942
CGND-HRA-00140,100656288
CGND-HRA-00141,101809854
CGND-HRA-00142,94710580
CGND-HRA-00145,89539360
CGND-HRA-00146,103483868
CGND-HRA-00147,126245968
CGND-HRA-00150,91845864
CGND-HRA-00157,112721880
CGND-HRA-00163,120687618
CGND-HRA-00173,111644218
CGND-HRA-00174,94426256
CGND-HRA-00176,97287858
CGND-HRA-00190,87665224
CGND-HRA-00191,93456614
CGND-HRA-00200,95824608
CGND-HRA-00257-2,113379314
CGND-HRA-00278-2,98185102
CGND-HRA-00289,100183210
CGND-HRA-00290,92988706
CGND-HRA-00461,126633006
CGND-HRA-00462,93034960
CGND-HRA-00463,102546276
CGND-HRA-00464,96191888
CGND-HRA-00467,101158514
CGND-HRA-00468,107110788
CGND-HRA-00473,105656370
CGND-HRA-00474,100318496
CGND-HRA-00475,103020846
CGND-HRA-00477,110663298
CGND-HRA-00478,130172602
CGND-HRA-00482,103086846
CGND-HRA-00483,113200734
CGND-HRA-00484,97934648
CGND-HRA-00485,94584376
CGND-HRA-00488,113240448
CGND-HRA-00489,118840962
CGND-HRA-00490,97879738
CGND-HRA-00591-2,91614146
CGND-HRA-00627,97215302
CGND-HRA-00628,97606534
CGND-HRA-00629,102537946
CGND-HRA-00630,92892226
CGND-HRA-00646,81660352
CGND-HRA-00647,92554822
CGND-HRA-00677,100992284
CGND-HRA-00678,103941006
CGND-HRA-00679,93156452
CGND-HRA-00682,109730874
CGND-HRA-00683,235198608
CGND-HRA-00747,90421252
CGND-HRA-00748,91383082
CGND-HRA-00749,113093758
CGND-HRA-01288,106587920
CGND-HRA-01301,99620768
CGND-HRA-01346,105308314
CGND-HRA-01347,105022778
CGND-HRA-01351-2,104783560
CGND-HRA-01368-2,115356964
CGND-HRA-01663,105378022
CGND-HRA-01664,83927950
CGND-HRA-01665,75022690
CGND-HRA-01666,87968106
CGND-HRA-01667,94635498
CGND-HRA-01668,83629856
CGND-HRA-01669,95941224
CGND-HRA-01670,90582460
CGND-HRA-01671,83595476
CGND-HRA-01672,89680498
CGND-HRA-01673,84097372
CGND-HRA-01674,88722046
CGND-HRA-01675,101721032
CGND-HRA-01676,85271068
CGND-HRA-01678,82938534
CGND-HRA-01679,90177350
CGND-HRA-01680,97465942
CGND-HRA-01681,83433974
CGND-HRA-01682,102154036
CGND-HRA-01683,84938102
CGND-HRA-01684,109911458
CGND-HRA-01685,82630118
CGND-HRA-01686,100841236
CGND-HRA-01687,83051094
CGND-HRA-01688,82591576
CGND-HRA-01689,102179510
CGND-HRA-01690,98573872
CGND-HRA-01691,92377058
CGND-HRA-01692,92378308
CGND-HRA-01693,85347256
CGND-HRA-01694,89293690
CGND-HRA-01695,88940868
CGND-HRA-01696,89001382
CGND-HRA-01697,104742440
CGND-HRA-01698,82073734
CGND-HRA-01699,96984872
CGND-HRA-01700,91397858
CGND-HRA-01701,103480006
CGND-HRA-01702,86022612
CGND-HRA-01703,97985722
CGND-HRA-01704,93849404
CGND-HRA-01705,93230212
CGND-HRA-01706,97084966
CGND-HRA-01707,102814524
CGND-HRA-01708,93309126
CGND-HRA-01709,99577644
CGND-HRA-01710,84669482
CGND-HRA-01711,78013420
CGND-HRA-01712,78225566
CGND-HRA-01713,99944044
CGND-HRA-01714,83097044
CGND-HRA-01715,85971134
CGND-HRA-01716,81627368
CGND-HRA-01717,89250178
CGND-HRA-01718,95236216
CGND-HRA-01719,88664780
CGND-HRA-01720,103492418
CGND-HRA-01721,97121518
CGND-HRA-01722,81613412
CGND-HRA-01723,96010348
CGND-HRA-01724,89906812
CGND-HRA-01725,80850450
CGND-HRA-01726,91213992
CGND-HRA-01727,85830674
CGND-HRA-01728,102599134
CGND-HRA-01729,82431462
CGND-HRA-01730,83676882
CGND-HRA-01731,89982272
CGND-HRA-01732,114022008
CGND-HRA-01733,87872428
CGND-HRA-01734,122473218
CGND-HRA-01735,105189866
CGND-HRA-01736,89173024
CGND-HRA-01737,106616660
CGND-HRA-01738,98020624
CGND-HRA-01739,95499528
CGND-HRA-01740,90854260
CGND-HRA-01741,96238322
CGND-HRA-01742,92192912
CGND-HRA-01743,86509422
CGND-HRA-01744,78959890
CGND-HRA-01746,92706712
CGND-HRA-01747,94417148
CGND-HRA-01748,85986868
CGND-HRA-01749,91091398
CGND-HRA-01750,98053682
CGND-HRA-01751,82283678
CGND-HRA-01752,87094038
CGND-HRA-01753,83518442
CGND-HRA-01754,82930356
CGND-HRA-01755,79985674
CGND-HRA-01756,94800982
CGND-HRA-01757,74752352
CGND-HRA-01758,66614676
CGND-HRA-01759,90693794
CGND-HRA-01760,63941468
CGND-HRA-01761,57575678
CGND-HRA-01762,70642800
CGND-HRA-01763,71019106
CGND-HRA-01764,65482722
CGND-HRA-01765,70397142
CGND-HRA-01766,67587902
CGND-HRA-01769,124111756
CGND-HRA-01770,63629352
CGND-HRA-01771,72978856
CGND-HRA-01772,64079910
CGND-HRA-01773,77092472
CGND-HRA-01774,69323978
CGND-HRA-01775,59759956
CGND-HRA-01776,65775772
CGND-HRA-01777,90993262
CGND-HRA-01778,105394856
CGND-HRA-01779,65227528
CGND-HRA-01780,60231316
CGND-HRA-01781,102823208
CGND-HRA-01782,67680468
CGND-HRA-01783,74250214
CGND-HRA-01784,65770850
CGND-HRA-01785,59906714
CGND-HRA-01786,71307552
CGND-HRA-01787,111434520
CGND-HRA-01788,70331166
CGND-HRA-01789,74453604
CGND-HRA-01790,69186714
CGND-HRA-01800,69354088
CGND-HRA-01801,70914526
CGND-HRA-01802,62842588
CGND-HRA-01803,86795064
CGND-HRA-01804,59872202
CGND-HRA-01805,67689772
CGND-HRA-01806,68284532
CGND-HRA-01807,116846030
CGND-HRA-01808,62934144
CGND-HRA-01809,77017760
CGND-HRA-01923,62305588
CGND-HRA-01924,93826056
CGND-HRA-01925,63275420
CGND-HRA-01926,76040280
CGND-HRA-01928,65870146
CGND-HRA-01929,80760866
CGND-HRA-01931,37845478
CGND-HRA-01932,79697368
CGND-HRA-01933,64734808
CGND-HRA-01987,76662590
CGND-HRA-01988,63097718
CGND-HRA-01989,158164488
CGND-HRA-01990,112572872
CGND-HRA-01991,108602622
CGND-HRA-01992,60073030
CGND-HRA-01993,63387290
CGND-HRA-01996,70675034
CGND-HRA-01997,74407276
CGND-HRA-01998,63398700
CGND-HRA-01999,70713508
CGND-HRA-02000,67578048
CGND-HRA-02001,83871018
CGND-HRA-02002,125527778
CGND-HRA-02003,99322098
CGND-HRA-02005,68758050
CGND-HRA-02006,75018880
CGND-HRA-02007,77283426
CGND-HRA-02008,63795208
CGND-HRA-02009,63258558
CGND-HRA-02010,70551832
CGND-HRA-02012,121021318
CGND-HRA-02016,60842056
CGND-HRA-02017,80384392
CGND-HRA-02018,71705560
CGND-HRA-02022,69193320
CGND-HRA-02023,61496286
CGND-HRA-02024,64921470
CGND-HRA-02025,76049962
CGND-HRA-02026,62900244
CGND-HRA-02040,61709102
CGND-HRA-02041,73064630
CGND-HRA-02042,73809976
CGND-HRA-02058,79593804
CGND-HRA-02075,68775244
CGND-HRA-01791,105114772
CGND-HRA-01792,74879486
CGND-HRA-01793,101643818
CGND-HRA-01794,93314496
CGND-HRA-01795,106018262
CGND-HRA-01796,84759972
CGND-HRA-01797,88610912
CGND-HRA-01798,108099816
CGND-HRA-01799,112245484
CGND-HRA-01810,97528148
CGND-HRA-01811,81013570
CGND-HRA-01812,78811206
CGND-HRA-01813,105677560
CGND-HRA-01814,93354816
CGND-HRA-01815,112945566
CGND-HRA-01816,47939110
CGND-HRA-01817,108127056
CGND-HRA-01818,82918150
CGND-HRA-01819,84519276
CGND-HRA-01820,104491550
CGND-HRA-01821,138439004
CGND-HRA-01822,84347142
CGND-HRA-01823,98476734
CGND-HRA-01824,89924868
CGND-HRA-01825,96959524
CGND-HRA-01826,114235670
CGND-HRA-01827,97955494
CGND-HRA-01828,86344684
CGND-HRA-01829,88031088
CGND-HRA-01830,83993104
CGND-HRA-01831,101227124
CGND-HRA-01832,97999322
CGND-HRA-01833,149789796
CGND-HRA-01834,82188302
CGND-HRA-01835,84921276
CGND-HRA-01836,86103296
CGND-HRA-01837,77138656
CGND-HRA-01838,99864350
CGND-HRA-01839,82064768
CGND-HRA-01848,78798212
CGND-HRA-01849,79786290
CGND-HRA-01850,110942356
CGND-HRA-01934,88253038
CGND-HRA-01935,129368752
CGND-HRA-01936,88609176
CGND-HRA-01937,106250800
CGND-HRA-01938,81243660
CGND-HRA-01939,80027476
CGND-HRA-01940,183071936
CGND-HRA-01942,97683838
CGND-HRA-01945,69866510
CGND-HRA-01948,101059678
CGND-HRA-01949,127088240
CGND-HRA-01950,114141784
CGND-HRA-01951,115160148
CGND-HRA-02019,86703108
CGND-HRA-02020,97347136
CGND-HRA-02021,171547602
CGND-HRA-02027,90038072
CGND-HRA-02028,86791370
CGND-HRA-02029,97639996
CGND-HRA-02030,79075116
CGND-HRA-02031,100375832
CGND-HRA-02032,92805938
CGND-HRA-02033,81250496
CGND-HRA-02036,101750304
CGND-HRA-02037,79502448
CGND-HRA-02038,81293418
CGND-HRA-02039,120606778
CGND-HRA-02044,111723964
CGND-HRA-02048,100246940
CGND-HRA-02059,121027018
CGND-HRA-02060,84740004
CGND-HRA-02063,62767828
CGND-HRA-02064,74919802
CGND-HRA-02066,94038606
CGND-HRA-02067,72783020
CGND-HRA-02068,91157476
CGND-HRA-02076,76764278
CGND-HRA-02090,87214424
CGND-HRA-02091,99204150
CGND-HRA-01840,125798306
CGND-HRA-01841,92142066
CGND-HRA-01842,78371052
CGND-HRA-01843,117202024
CGND-HRA-01844,108430894
CGND-HRA-01845,93288918
CGND-HRA-01846,101041138
CGND-HRA-01847,91324526
CGND-HRA-01851,87799642
CGND-HRA-01852,104165776
CGND-HRA-01853,100350912
CGND-HRA-01854,107356700
CGND-HRA-01855,109134218
CGND-HRA-01856,105460532
CGND-HRA-01857,92525048
CGND-HRA-01858,111562010
CGND-HRA-01859,108166202
CGND-HRA-01860,156118584
CGND-HRA-01861,103894824
CGND-HRA-01862,89121370
CGND-HRA-01863,139810878
CGND-HRA-01864,94082704
CGND-HRA-01865,128525820
CGND-HRA-01866,88198066
CGND-HRA-01867,92256632
CGND-HRA-01868,120942284
CGND-HRA-01869,91958644
CGND-HRA-01870,88919708
CGND-HRA-01871,98218224
CGND-HRA-01872,97014836
CGND-HRA-01873,106497782
CGND-HRA-01874,99135952
CGND-HRA-01875,96674990
CGND-HRA-01876,128362454
CGND-HRA-01877,87562612
CGND-HRA-01878,98944810
CGND-HRA-01879,102171686
CGND-HRA-01880,101407126
CGND-HRA-01881,94903240
CGND-HRA-01882,103491280
CGND-HRA-01883,99364610
CGND-HRA-01884,113120148
CGND-HRA-01943,92669984
CGND-HRA-01946,100032676
CGND-HRA-01947,74638888
CGND-HRA-01952,104251992
CGND-HRA-01953,106757328
CGND-HRA-01954,78941526
CGND-HRA-01955,82309984
CGND-HRA-01956,103574380
CGND-HRA-01959,117271080
CGND-HRA-01960,86062270
CGND-HRA-01961,93765570
CGND-HRA-01962,82029432
CGND-HRA-01966,105918946
CGND-HRA-02049,99155388
CGND-HRA-02051,124080834
CGND-HRA-02052,89485188
CGND-HRA-02054,89916144
CGND-HRA-02055,116125118
CGND-HRA-02056,113923832
CGND-HRA-02070,81569610
CGND-HRA-02071,101628532
CGND-HRA-02072,97860750
CGND-HRA-02073,116126020
CGND-HRA-02074,105864084
CGND-HRA-02077,92667922
CGND-HRA-02078,98273220
CGND-HRA-02081,101362044
CGND-HRA-02082,105038076
CGND-HRA-02084,98197392
CGND-HRA-02085,86605252
CGND-HRA-02093,118381420
CGND-HRA-02097,123464880
CGND-HRA-02100,110774736
CGND-HRA-02101,96120542
CGND-HRA-02102,123511008
CGND-HRA-02104,102221848
CGND-HRA-02105,123435880
CGND-HRA-02106,115429790
CGND-HRA-02117,105244722
CGND-HRA-02118,76691458
CGND-HRA-02119,128413022
CGND-HRA-02120,132243770
CGND-HRA-02121,93042070
CGND-HRA-01885,122796760
CGND-HRA-01886,109268698
CGND-HRA-01887,87228366
CGND-HRA-01888,138613150
CGND-HRA-01889,116493008
CGND-HRA-01890,81512736
CGND-HRA-01891,117339282
CGND-HRA-01892,110402220
CGND-HRA-01893,107618142
CGND-HRA-01894,128775340
CGND-HRA-01895,110688952
CGND-HRA-01896,119934276
CGND-HRA-01897,120805600
CGND-HRA-01898,141617382
CGND-HRA-01899,130988282
CGND-HRA-01900,119511234
CGND-HRA-01901,106667634
CGND-HRA-01902,100661928
CGND-HRA-01903,119663616
CGND-HRA-01904,108697810
CGND-HRA-01905,123110030
CGND-HRA-01906,103632030
CGND-HRA-01907,116506320
CGND-HRA-01908,106057566
CGND-HRA-01909,124016568
CGND-HRA-01910,80756400
CGND-HRA-01911,115638196
CGND-HRA-01912,93786484
CGND-HRA-01913,112958670
CGND-HRA-01914,128865954
CGND-HRA-01915,109609898
CGND-HRA-01916,124811660
CGND-HRA-01917,97091968
CGND-HRA-01918,101855024
CGND-HRA-01919,134165398
CGND-HRA-01920,97349628
CGND-HRA-01921,106869188
CGND-HRA-01922,104326802
CGND-HRA-01958,96729168
CGND-HRA-01963,121654914
CGND-HRA-01964,47804618
CGND-HRA-01965,108407266
CGND-HRA-01967,117650718
CGND-HRA-01968,91317920
CGND-HRA-01969,107434620
CGND-HRA-01970,116207450
CGND-HRA-01971,133797438
CGND-HRA-01972,81214506
CGND-HRA-01973,96408442
CGND-HRA-01974,127104226
CGND-HRA-02079,146977992
CGND-HRA-02080,119860930
CGND-HRA-02107,91423960
CGND-HRA-02108,108899650
CGND-HRA-02114,105364928
CGND-HRA-02116,107393640
CGND-HRA-02122,91544544
CGND-HRA-02123,98513974
CGND-HRA-02124,116154944
CGND-HRA-02127,111328498
CGND-HRA-02128,109036620
CGND-HRA-02132,88273772
CGND-HRA-02133,106355068
CGND-HRA-02134,104059802
CGND-HRA-02135,111963866
CGND-HRA-02136,112503506
CGND-HRA-02138,111571390
CGND-HRA-02140,88474564
CGND-HRA-02141,119338344
CGND-HRA-00732,67997106
CGND-HRA-00733,64114952
CGND-HRA-00734,98323116
CGND-HRA-00735,96224472
CGND-HRA-00736,82818942
CGND-HRA-00737,71908188
CGND-HRA-00750,86048076
CGND-HRA-01173,103434238
CGND-HRA-01174,98529016
CGND-HRA-01175,64270426
CGND-HRA-01176,93659258
CGND-HRA-01177,105119258
CGND-HRA-01180,114119558
CGND-HRA-01181,87808220
CGND-HRA-01182,84882932
CGND-HRA-01183,62891728
CGND-HRA-01272,56251398
CGND-HRA-01274,142271258
CGND-HRA-01278,81730044
CGND-HRA-01279,143162242
CGND-HRA-01280,67873216
CGND-HRA-01281,79966138
CGND-HRA-01282,86544696
CGND-HRA-01303,94165632
CGND-HRA-01304,84762920
CGND-HRA-01305,73379522
CGND-HRA-01306,92002966
CGND-HRA-01307,75964116
CGND-HRA-01308,94027084
CGND-HRA-01310,76079780
CGND-HRA-01311,109646612
CGND-HRA-01312,102916308
CGND-HRA-01313,94324144
CGND-HRA-01314,78693290
CGND-HRA-01315,103291456
CGND-HRA-01316,109584772
CGND-HRA-01317,161560854
CGND-HRA-01318,63590388
CGND-HRA-01319,79259178
CGND-HRA-01320,90082824
CGND-HRA-01321,74091634
CGND-HRA-01322,91118012
CGND-HRA-01324,124257722
CGND-HRA-01325,123748378
CGND-HRA-01374,83786708
CGND-HRA-01375,97504814
CGND-HRA-01376,89548752
CGND-HRA-01377,71045466
CGND-HRA-01380,136314122
CGND-HRA-01381,89261488
CGND-HRA-01382,104570162
CGND-HRA-01383,60446810
CGND-HRA-01385,70636704
CGND-HRA-01386,84368922
CGND-HRA-01387,133179718
CGND-HRA-01389,66569944
CGND-HRA-01390,83115520
CGND-HRA-01393,92288806
CGND-HRA-01403,79574308
CGND-HRA-01412,77209660
CGND-HRA-01418,68245482
CGND-HRA-01420,94011724
CGND-HRA-01421,101562222
CGND-HRA-01430,160415504
CGND-HRA-01433,72897064
CGND-HRA-01434,117220424
CGND-HRA-01436,81740474
CGND-HRA-01441,89240624
CGND-HRA-01442,65428784
CGND-HRA-01448,92989224
CGND-HRA-01450,228847654
CGND-HRA-01472,75302672
CGND-HRA-01615,90088194
CGND-HRA-02182,191149594
CGND-HRA-02183,160531728
CGND-HRA-02184,98562248
CGND-HRA-02185,83864622
CGND-HRA-02186,98682048
CGND-HRA-02187,106658918
CGND-HRA-02188,170299982
CGND-HRA-02189,78426940
CGND-HRA-02190,69108988
CGND-HRA-02192,375699204
CGND-HRA-02193,92886782
CGND-HRA-02194,106422200
CGND-HRA-02198,94314802
CGND-HRA-02199,148287852
CGND-HRA-01273,74229510
CGND-HRA-01309,77260380
CGND-HRA-01323,50478304
CGND-HRA-01326,64248600
CGND-HRA-01384,67737692
CGND-HRA-01388,55912304
CGND-HRA-01392,68601114
CGND-HRA-01394,73665366
CGND-HRA-01396,68105112
CGND-HRA-01397,64733478
CGND-HRA-01398,79040028
CGND-HRA-01399,67947218
CGND-HRA-01400,67540096
CGND-HRA-01401,62426264
CGND-HRA-01404,66256262
CGND-HRA-01405,61147224
CGND-HRA-01407,62346136
CGND-HRA-01408,95641098
CGND-HRA-01409,59610310
CGND-HRA-01413,74985924
CGND-HRA-01414,58988724
CGND-HRA-01415,57346858
CGND-HRA-01416,72439958
CGND-HRA-01417,64717878
CGND-HRA-01419,61837172
CGND-HRA-01422,66239798
CGND-HRA-01423,62905060
CGND-HRA-01424,67099186
CGND-HRA-01425,71258556
CGND-HRA-01426,73075456
CGND-HRA-01427,94321052
CGND-HRA-01428,60204740
CGND-HRA-01429,63415466
CGND-HRA-01431,59856562
CGND-HRA-01432,65706260
CGND-HRA-01437,62344262
CGND-HRA-01438,73222534
CGND-HRA-01439,66991772
CGND-HRA-01440,75740060
CGND-HRA-01443,71282842
CGND-HRA-01445,60797128
CGND-HRA-01446,79502074
CGND-HRA-01447,61092858
CGND-HRA-01451,63174308
CGND-HRA-01452,67266124
CGND-HRA-01453,88190304
CGND-HRA-01454,56690080
CGND-HRA-01456,65231182
CGND-HRA-01459,72914072
CGND-HRA-01461,67749146
CGND-HRA-01462,74923350
CGND-HRA-01464,61065130
CGND-HRA-01467,66787790
CGND-HRA-01468,64818660
CGND-HRA-01470,60774276
CGND-HRA-01474,65745626
CGND-HRA-01476,67207226
CGND-HRA-01479,57758070
CGND-HRA-01485,67423124
CGND-HRA-01497,83194398
CGND-HRA-01509,57189716
CGND-HRA-01515,61536094
CGND-HRA-01516,60267600
CGND-HRA-01521,83744334
CGND-HRA-01542,59055890
CGND-HRA-01543,62309274
CGND-HRA-01557,73958368
CGND-HRA-01621,70015264
CGND-HRA-02195,79703842
CGND-HRA-02196,52026138
CGND-HRA-02197,71245760
CGND-HRA-02200,58289586
CGND-HRA-02201,79162508
CGND-HRA-02202,71386008
CGND-HRA-02203,57465648
CGND-HRA-02204,63568762
CGND-HRA-02205,88581908
CGND-HRA-02206,68389002
CGND-HRA-02208,71024968
CGND-HRA-02209,75454300
CGND-HRA-02210,70182628
CGND-HRA-02211,72080642
CGND-HRA-02212,57265678
CGND-HRA-02213,65380326
CGND-HRA-02214,47956024
CGND-HRA-02220,60614834
CGND-HRA-01410,78149430
CGND-HRA-01411,67443008
CGND-HRA-01449,61197100
CGND-HRA-01455,63439080
CGND-HRA-01457,74773628
CGND-HRA-01458,62823726
CGND-HRA-01463,67015220
CGND-HRA-01469,71932866
CGND-HRA-01471,69014590
CGND-HRA-01473,61869192
CGND-HRA-01475,69711218
CGND-HRA-01477,71070828
CGND-HRA-01478,59794286
CGND-HRA-01480,67250578
CGND-HRA-01481,67954522
CGND-HRA-01482,74668258
CGND-HRA-01483,58144020
CGND-HRA-01484,69699130
CGND-HRA-01487,59640328
CGND-HRA-01488,55805022
CGND-HRA-01489,57727500
CGND-HRA-01490,91489758
CGND-HRA-01491,68689872
CGND-HRA-01493,59617866
CGND-HRA-01494,76807582
CGND-HRA-01495,53748610
CGND-HRA-01496,58483414
CGND-HRA-01499,83002754
CGND-HRA-01500,72745120
CGND-HRA-01501,65100834
CGND-HRA-01502,65788018
CGND-HRA-01503,58076248
CGND-HRA-01504,66310920
CGND-HRA-01505,66891396
CGND-HRA-01506,66939816
CGND-HRA-01507,58867544
CGND-HRA-01508,86313222
CGND-HRA-01511,60890920
CGND-HRA-01512,68770038
CGND-HRA-01513,56575114
CGND-HRA-01514,65626802
CGND-HRA-01517,56667210
CGND-HRA-01518,62775704
CGND-HRA-01519,59776974
CGND-HRA-01520,67542208
CGND-HRA-01524,73760114
CGND-HRA-01525,54890354
CGND-HRA-01526,77428334
CGND-HRA-01527,56310500
CGND-HRA-01528,60826166
CGND-HRA-01530,64884162
CGND-HRA-01531,81689942
CGND-HRA-01532,55673646
CGND-HRA-01533,57366222
CGND-HRA-01534,55766830
CGND-HRA-01535,63557716
CGND-HRA-01536,73588618
CGND-HRA-01538,64212926
CGND-HRA-01539,74970108
CGND-HRA-01541,63072956
CGND-HRA-01544,58517146
CGND-HRA-01548,56601410
CGND-HRA-01549,65306228
CGND-HRA-01554,61126430
CGND-HRA-01555,60409454
CGND-HRA-01556,57532794
CGND-HRA-01560,74244628
CGND-HRA-01561,63400102
CGND-HRA-01562,62455860
CGND-HRA-01563,60367524
CGND-HRA-01564,72394586
CGND-HRA-01566,57288460
CGND-HRA-01572,56486164
CGND-HRA-01573,70693266
CGND-HRA-01578,63492390
CGND-HRA-01579,77815340
CGND-HRA-01581,57722948
CGND-HRA-01582,68763442
CGND-HRA-01584,61815610
CGND-HRA-01585,75209368
CGND-HRA-01590,70377286
CGND-HRA-01593,61364168
CGND-HRA-01596,86822960
CGND-HRA-01606,65443504
CGND-HRA-01607,60246966
CGND-HRA-01613,67309068
CGND-HRA-01614,73070330
CGND-HRA-01618,69002776
CGND-HRA-01624,64190584
CGND-HRA-02142,65765320
CGND-HRA-02181,64896890
CGND-HRA-01465,120808636
CGND-HRA-01466,86392034
CGND-HRA-01529,77595284
CGND-HRA-01537,89797376
CGND-HRA-01540,107356974
CGND-HRA-01546,103980162
CGND-HRA-01547,80980424
CGND-HRA-01551,100454616
CGND-HRA-01552,96585432
CGND-HRA-01553,95334638
CGND-HRA-01558,87373702
CGND-HRA-01559,108847934
CGND-HRA-01565,96494588
CGND-HRA-01568,106447566
CGND-HRA-01569,95784826
CGND-HRA-01570,84394324
CGND-HRA-01571,87598556
CGND-HRA-01574,96821550
CGND-HRA-01575,93352026
CGND-HRA-01576,102383334
CGND-HRA-01580,92359144
CGND-HRA-01587,148123666
CGND-HRA-01588,92771994
CGND-HRA-01592,112054206
CGND-HRA-01594,79066978
CGND-HRA-01598,117745044
CGND-HRA-01599,101065164
CGND-HRA-01600,108904668
CGND-HRA-01601,89580238
CGND-HRA-01602,92944600
CGND-HRA-01603,104876298
CGND-HRA-01608,105485108
CGND-HRA-01609,95015268
CGND-HRA-01610,120987300
CGND-HRA-01611,87166646
CGND-HRA-01612,91463968
CGND-HRA-01616,106087612
CGND-HRA-01619,89523658
CGND-HRA-01620,77653278
CGND-HRA-01622,89147868
CGND-HRA-01623,78260324
CGND-HRA-01625,89671818
CGND-HRA-01626,84229610
CGND-HRA-01627,102604272
CGND-HRA-01628,71320600
CGND-HRA-01629,99536344
CGND-HRA-01630,85655550
CGND-HRA-01631,79122948
CGND-HRA-01632,78926952
CGND-HRA-01633,107231908
CGND-HRA-01635,76764038
CGND-HRA-01636,82542168
CGND-HRA-01637,77155278
CGND-HRA-01638,77476882
CGND-HRA-01639,100656556
CGND-HRA-01640,84374922
CGND-HRA-01641,94461198
CGND-HRA-01642,92932822
CGND-HRA-01643,78622698
CGND-HRA-01644,82756022
CGND-HRA-01646,87259792
CGND-HRA-01647,74777902
CGND-HRA-01648,89536984
CGND-HRA-01649,72779944
CGND-HRA-01650,97963446
CGND-HRA-01657,85124448
CGND-HRA-01658,83417350
CGND-HRA-01659,83193690
CGND-HRA-01660,83991568
CGND-HRA-01661,78897826
CGND-HRA-01662,78062422
CGND-HRA-01976,203052794
CGND-HRA-01978,80982574
CGND-HRA-01981,100515690
CGND-HRA-01982,90720686
CGND-HRA-01983,100770900
CGND-HRA-01984,84264824
CGND-HRA-01985,99875940
CGND-HRA-01986,106631094
CGND-HRA-02148,79050564
CGND-HRA-02156,79295606
CGND-HRA-02157,132148352
CGND-HRA-02160,85915990
CGND-HRA-02161,78187222
CGND-HRA-02163,83112970
CGND-HRA-02167,88415482
CGND-HRA-02168,90927910
CGND-HRA-02179,89836686
CGND-HRA-02207,66799716
CGND-HRA-00498,98867788
CGND-HRA-00500,65148834
CGND-HRA-00504,79534956
CGND-HRA-00511,109744218
CGND-HRA-00512,82367054
CGND-HRA-00514,74644516
CGND-HRA-01944-2,100370090
CGND-HRA-02271,93317828
CGND-HRA-02272,100784070
CGND-HRA-02276,86973510
CGND-HRA-02278,91857010
CGND-HRA-02289,80915832
CGND-HRA-02290,82764030
CGND-HRA-02300,92829330
CGND-HRA-02302,78329656
CGND-HRA-02308,86442712
CGND-HRA-02319,92755230
CGND-HRA-02320,93948940
CGND-HRA-02323,85294786
CGND-HRA-02326,82861866
CGND-HRA-02328,92973142
CGND-HRA-02331,81121528
CGND-HRA-02332,95890516
CGND-HRA-02335,80705722
CGND-HRA-02336,112418400
CGND-HRA-02338,84692458
CGND-HRA-02341,91115898
CGND-HRA-02342,84403958
CGND-HRA-02343,83717606
CGND-HRA-02346,97875570
CGND-HRA-02347,101054044
CGND-HRA-02352,84146868
CGND-HRA-02357,79976234
CGND-HRA-02364,71567276
CGND-HRA-02367,95164942
CGND-HRA-02381,82956124
CGND-HRA-02382,80613064
CGND-HRA-02385,110838632
CGND-HRA-02393,77186318
CGND-HRA-02552,87532128
CGND-HRA-02553,80813784
CGND-HRA-02557,92335838
CGND-HRA-02559,80561574
CGND-HRA-02562,78353626
CGND-HRA-02563,70999252
CGND-HRA-02564,92712564
CGND-HRA-02565,90285630
CGND-HRA-02571,107814478
CGND-HRA-02572,67471744
CGND-HRA-02573,94214134
CGND-HRA-02576,83064844
CGND-HRA-02577,93581004
CGND-HRA-02578,91018942
CGND-HRA-02580,108647558
CGND-HRA-02582,83860824
CGND-HRA-02585,82816528
CGND-HRA-02587,70767814
CGND-HRA-02588,80711710
CGND-HRA-02591,91987794
CGND-HRA-02597,90279528
CGND-HRA-02601,102819486
CGND-HRA-02603,103849006
CGND-HRA-02606,79070782
CGND-HRA-02607,90188420
CGND-HRA-02611,89087598
CGND-HRA-02612,85541206
CGND-HRA-02616,87246856
CGND-HRA-02617,79706270
CGND-HRA-02619,94088494
CGND-HRA-02620,74200312
CGND-HRA-02622,69696016
CGND-HRA-02630,81709738
CGND-HRA-00494,87128248
CGND-HRA-00495,76168162
CGND-HRA-00501,86597570
CGND-HRA-00502,109924558
CGND-HRA-00506,65736560
CGND-HRA-00513,106109644
CGND-HRA-00515,86620288
CGND-HRA-00521,90698608
CGND-HRA-00522,81901800
CGND-HRA-02258,90541102
CGND-HRA-02266,98598794
CGND-HRA-02267,88992464
CGND-HRA-02269,94344104
CGND-HRA-02270,76414836
CGND-HRA-02273,101616288
CGND-HRA-02274,85350344
CGND-HRA-02275,126918360
CGND-HRA-02277,83284966
CGND-HRA-02283,96902276
CGND-HRA-02285,92614318
CGND-HRA-02287,96341932
CGND-HRA-02292,99338294
CGND-HRA-02295,82110124
CGND-HRA-02298,87974606
CGND-HRA-02309,87027114
CGND-HRA-02311,92395538
CGND-HRA-02317,103325108
CGND-HRA-02321,89992406
CGND-HRA-02322,91974298
CGND-HRA-02324,121516468
CGND-HRA-02325,85209704
CGND-HRA-02333,95765248
CGND-HRA-02339,110049848
CGND-HRA-02345,79472596
CGND-HRA-02349,87948946
CGND-HRA-02353,88047708
CGND-HRA-02358,93255362
CGND-HRA-02361,96791802
CGND-HRA-02369,106649694
CGND-HRA-02373,82540560
CGND-HRA-02376,77176346
CGND-HRA-02390,83360174
CGND-HRA-02394,82852376
CGND-HRA-02547,87177200
CGND-HRA-02551,108812770
CGND-HRA-02556,88223282
CGND-HRA-02558,88251518
CGND-HRA-02561,80608374
CGND-HRA-02566,93533280
CGND-HRA-02569,96621546
CGND-HRA-02574,91409778
CGND-HRA-02579,92290378
CGND-HRA-02583,89801668
CGND-HRA-02584,91975202
CGND-HRA-02586,93221868
CGND-HRA-02589,91922334
CGND-HRA-02590,81631194
CGND-HRA-02595,92009794
CGND-HRA-02599,86807384
CGND-HRA-02602,91513692
CGND-HRA-02614,75696908
CGND-HRA-02618,90685916
CGND-HRA-02629,89603298
CGND-HRA-02631,101089118
CGND-HRA-1927-1,79219056
CGND-HRA-1930-1,87140492
CGND-HRA-1941-1,104456288
CGND-HRA-00493,99646268
CGND-HRA-00496,88406700
CGND-HRA-00497,74833900
CGND-HRA-00503,95850906
CGND-HRA-00505,88143380
CGND-HRA-00507,83650380
CGND-HRA-00509,77292778
CGND-HRA-00510,94505724
CGND-HRA-00517,85406772
CGND-HRA-00520,95860532
CGND-HRA-02284,92611016
CGND-HRA-02286,85655414
CGND-HRA-02288,98799148
CGND-HRA-02291,84667054
CGND-HRA-02293,130743148
CGND-HRA-02296,83100166
CGND-HRA-02297,86974022
CGND-HRA-02299,106649698
CGND-HRA-02301,101262360
CGND-HRA-02307,90181046
CGND-HRA-02310,92140346
CGND-HRA-02312,93096544
CGND-HRA-02316,87510452
CGND-HRA-02318,109014322
CGND-HRA-02327,81095034
CGND-HRA-02329,92500926
CGND-HRA-02337,92335860
CGND-HRA-02340,88657008
CGND-HRA-02344,77816314
CGND-HRA-02348,89338792
CGND-HRA-02350,107992864
CGND-HRA-02351,87116722
CGND-HRA-02354,86577032
CGND-HRA-02355,92596338
CGND-HRA-02359,105545936
CGND-HRA-02370,80332876
CGND-HRA-02377,88282734
CGND-HRA-02389,87866222
CGND-HRA-02392,101391062
CGND-HRA-02550,91203880
CGND-HRA-02554,104477636
CGND-HRA-02555,97490698
CGND-HRA-02560,88199394
CGND-HRA-02567,97202394
CGND-HRA-02568,88084134
CGND-HRA-02570,86675948
CGND-HRA-02575,85776292
CGND-HRA-02581,87276710
CGND-HRA-02593,87622350
CGND-HRA-02594,89420666
CGND-HRA-02596,87238456
CGND-HRA-02600,103405230
CGND-HRA-02604,103304492
CGND-HRA-02605,109698620
CGND-HRA-02608,91104242
CGND-HRA-02609,97487910
CGND-HRA-02613,89067592
CGND-HRA-02615,90208898
CGND-HRA-02621,85412186
CGND-HRA-02627,87364668
CGND-HRA-1767-1,85986206
CGND-HRA-02356,104179644
CGND-HRA-02368,84453256
CGND-HRA-02371,78408408
CGND-HRA-02386,83600360
CGND-HRA-02592,90990284
CGND-HRA-02598,81927234
CGND-HRA-02610,89393382
CGND-HRA-02628,86735720
CGND-HRA-02675,87851912
CGND-HRA-02676,88412456
CGND-HRA-02677,85971354
CGND-HRA-02678,102033212
CGND-HRA-02679,98894898
CGND-HRA-02680,88276906
CGND-HRA-02681,80628214
CGND-HRA-02682,86215508
CGND-HRA-02683,93044798
CGND-HRA-02684,86897164
CGND-HRA-02685,89427776
CGND-HRA-02686,81542328
CGND-HRA-02688,121111206
CGND-HRA-02689,83900850
CGND-HRA-02691,86888900
CGND-HRA-02692,87704872
CGND-HRA-02693,104838696
CGND-HRA-02694,99378434
CGND-HRA-02695,86637196
CGND-HRA-02696,91827866
CGND-HRA-02697,85750896
CGND-HRA-02698,93574198
CGND-HRA-02699,85090248
CGND-HRA-02700,88227216
CGND-HRA-02701,114261246
CGND-HRA-02702,78656208
CGND-HRA-02703,86852018
CGND-HRA-02704,88619220
CGND-HRA-02705,93665756
CGND-HRA-02706,81410430
CGND-HRA-02707,95625456
CGND-HRA-02708,84443930
CGND-HRA-02709,99223058
CGND-HRA-02710,92440394
CGND-HRA-02711,103877116
CGND-HRA-02712,83095942
CGND-HRA-02713,95824924
CGND-HRA-02714,80534800
CGND-HRA-02715,104143646
CGND-HRA-02716,88891296
CGND-HRA-02717,97224546
CGND-HRA-02718,97481536
CGND-HRA-02719,82422936
CGND-HRA-02720,91056666
CGND-HRA-02721,84660826
CGND-HRA-02722,84398070
CGND-HRA-02723,79184448
CGND-HRA-02724,93995252
CGND-HRA-02726,84254056
CGND-HRA-02727,91930246
CGND-HRA-02733,89809360
CGND-HRA-02734,105504916
CGND-HRA-02735,84157532
CGND-HRA-02736,85433992
CGND-HRA-02737,99040348
CGND-HRA-02738,84001080
CGND-HRA-1957-1,92865180
CGND-HRA-01977,91422028
CGND-HRA-02143,75253264
CGND-HRA-02144,71603348
CGND-HRA-02145,86132042
CGND-HRA-02150,81555210
CGND-HRA-02152,75764598
CGND-HRA-02153,86102840
CGND-HRA-02154,74011556
CGND-HRA-02155,73266262
CGND-HRA-02162,80106034
CGND-HRA-02164,82905934
CGND-HRA-02165,86485264
CGND-HRA-02170,85141458
CGND-HRA-02173,80148600
CGND-HRA-02174,73542622
CGND-HRA-02175,82899326
CGND-HRA-02176,79589506
CGND-HRA-02215,73997638
CGND-HRA-02219,84402542
CGND-HRA-02224,75823594
CGND-HRA-02230,106137256
CGND-HRA-02231,75804800
CGND-HRA-02232,94447116
CGND-HRA-02234,73338222
CGND-HRA-02235,106440076
CGND-HRA-02238,77928338
CGND-HRA-02240,93376832
CGND-HRA-02242,84451372
CGND-HRA-02245,76598650
CGND-HRA-02246,75728858
CGND-HRA-02247,80419928
CGND-HRA-02250,85115254
CGND-HRA-02252,78917532
CGND-HRA-02253,76039718
CGND-HRA-02254,78379342
CGND-HRA-02422,70863970
CGND-HRA-02424,73617950
CGND-HRA-02429,82340586
CGND-HRA-02430,75303724
CGND-HRA-02431,79987256
CGND-HRA-02434,79335222
CGND-HRA-02435,87393310
CGND-HRA-02437,76300030
CGND-HRA-02438,90285478
CGND-HRA-02439,76206904
CGND-HRA-02442,102598546
CGND-HRA-02443,72937886
CGND-HRA-02445,74644060
CGND-HRA-02446,79939378
CGND-HRA-02454,92175466
CGND-HRA-02455,68724346
CGND-HRA-02456,77264104
CGND-HRA-02482,75493044
CGND-HRA-02483,83348144
CGND-HRA-02485,78919698
CGND-HRA-02487,87263506
CGND-HRA-02490,76293130
CGND-HRA-02491,85425460
CGND-HRA-02492,82587774
CGND-HRA-02495,75477978
CGND-HRA-02496,82023928
CGND-HRA-02497,88165202
CGND-HRA-02498,80390780
CGND-HRA-02499,78735164
CGND-HRA-02500,74732908
CGND-HRA-02502,91002744
CGND-HRA-02506,75311896
CGND-HRA-02508,80749202
CGND-HRA-02509,94099118
CGND-HRA-01577,98339532
CGND-HRA-01583,81789662
CGND-HRA-01589,79854590
CGND-HRA-01595,90169718
CGND-HRA-01634,86998716
CGND-HRA-01645,79022550
CGND-HRA-01975,77887804
CGND-HRA-01979,66406106
CGND-HRA-01980,84544468
CGND-HRA-02146,81418814
CGND-HRA-02147,74765370
CGND-HRA-02149,74214452
CGND-HRA-02151,83684412
CGND-HRA-02158,88960626
CGND-HRA-02159,79645190
CGND-HRA-02166,79901962
CGND-HRA-02169,94961622
CGND-HRA-02171,80880368
CGND-HRA-02172,95629792
CGND-HRA-02177,86895612
CGND-HRA-02178,86260566
CGND-HRA-02180,109818818
CGND-HRA-02216,81006364
CGND-HRA-02217,96808582
CGND-HRA-02218,77397114
CGND-HRA-02221,71498266
CGND-HRA-02222,100179606
CGND-HRA-02223,97075552
CGND-HRA-02225,77771752
CGND-HRA-02227,75643686
CGND-HRA-02228,88320628
CGND-HRA-02229,90852066
CGND-HRA-02233,97967082
CGND-HRA-02236,87111028
CGND-HRA-02237,99000374
CGND-HRA-02239,65847660
CGND-HRA-02241,84790166
CGND-HRA-02243,86438446
CGND-HRA-02244,88437020
CGND-HRA-02248,83152446
CGND-HRA-02249,68437630
CGND-HRA-02251,93008466
CGND-HRA-02255,87414884
CGND-HRA-02256,84048714
CGND-HRA-02423,85093078
CGND-HRA-02425,85672210
CGND-HRA-02427,81212244
CGND-HRA-02428,86214804
CGND-HRA-02432,67366788
CGND-HRA-02433,94921952
CGND-HRA-02436,87184172
CGND-HRA-02440,106775886
CGND-HRA-02441,78096390
CGND-HRA-02444,71829256
CGND-HRA-02447,83854026
CGND-HRA-02448,88872012
CGND-HRA-02449,71220180
CGND-HRA-02450,94330338
CGND-HRA-02451,86671562
CGND-HRA-02452,86822134
CGND-HRA-02453,92057770
CGND-HRA-02484,71011222
CGND-HRA-02486,81576392
CGND-HRA-02488,82779114
CGND-HRA-02489,70617976
CGND-HRA-02494,70718220
CGND-HRA-02501,87552846
CGND-HRA-02503,86133464
CGND-HRA-02504,78882106
CGND-HRA-02505,84842230