V1,V2
CGND-HRA-00013-v2-2-grch38,49960790
CGND-HRA-00014-2-v2-2-grch38,44218335
CGND-HRA-00015-v2-2-grch38,39252028
CGND-HRA-00016-v2-2-grch38,41433897
CGND-HRA-00017-v2-2-grch38,44468192
CGND-HRA-00018-v2-2-grch38,24553330
CGND-HRA-00019-v2-2-grch38,38972469
CGND-HRA-00020-2-v2-2-grch38,35921572
CGND-HRA-00021-v2-2-grch38,32791994
CGND-HRA-00022-v2-2-grch38,42560934
CGND-HRA-00023-v2-2-grch38,56916315
CGND-HRA-00024-v2-2-grch38,35960870
CGND-HRA-00025-v2-2-grch38,40004332
CGND-HRA-00026-v2-2-grch38,51077974
CGND-HRA-00027-v2-2-grch38,43913383
CGND-HRA-00028-v2-2-grch38,44763542
CGND-HRA-00029-v2-2-grch38,46918362
CGND-HRA-00031-v2-2-grch38,27369474
CGND-HRA-00032-v2-2-grch38,41428831
CGND-HRA-00034-v2-2-grch38,56307804
CGND-HRA-00035-v2-2-grch38,41740246
CGND-HRA-00036-v2-2-grch38,45707707
CGND-HRA-00037-v2-2-grch38,33194710
CGND-HRA-00038-v2-2-grch38,47128165
CGND-HRA-00039-v2-2-grch38,47579092
CGND-HRA-00040-v2-2-grch38,39215033
CGND-HRA-00041-v2-2-grch38,54726770
CGND-HRA-00042-v2-2-grch38,34201957
CGND-HRA-00043-v2-2-grch38,42483526
CGND-HRA-00045-v2-2-grch38,33179905
CGND-HRA-00046-v2-2-grch38,60572309
CGND-HRA-00047-v2-2-grch38,61953808
CGND-HRA-00048-v2-2-grch38,51135375
CGND-HRA-00049-v2-2-grch38,55815950
CGND-HRA-00050-v2-2-grch38,36571680
CGND-HRA-00051-v2-2-grch38,43767502
CGND-HRA-00052-v2-2-grch38,55387984
CGND-HRA-00053-v2-2-grch38,36981955
CGND-HRA-00054-v2-2-grch38,20048721
CGND-HRA-00055-v2-2-grch38,58183701
CGND-HRA-00056-v2-2-grch38,41930328
CGND-HRA-00057-v2-2-grch38,38288565
CGND-HRA-00058-v2-2-grch38,35224341
CGND-HRA-00059-v2-2-grch38,38716067
CGND-HRA-00060-v2-2-grch38,47916814
CGND-HRA-00061-v2-2-grch38,47552312
CGND-HRA-00062-v2-2-grch38,55616964
CGND-HRA-00063-v2-2-grch38,45403568
CGND-HRA-00064-v2-2-grch38,45031975
CGND-HRA-00065-v2-2-grch38,46706790
CGND-HRA-00066-v2-2-grch38,51066632
CGND-HRA-00067-2,49862735
CGND-HRA-00068-v2-2-grch38,44059184
CGND-HRA-00069-v2-2-grch38,43526273
CGND-HRA-00070-v2-2-grch38,26163308
CGND-HRA-00071-v2-2-grch38,107877584
CGND-HRA-00072-v2-2-grch38,44896705
CGND-HRA-00073-v2-2-grch38,49696495
CGND-HRA-00074-v2-2-grch38,56929677
CGND-HRA-00075-v2-2-grch38,65330499
CGND-HRA-00076-v2-2-grch38,42627461
CGND-HRA-00077-v2-2-grch38,21334082
CGND-HRA-00078-v2-2-grch38,29978863
CGND-HRA-00079-v2-2-grch38,57248631
CGND-HRA-00081-v2-2-grch38,48296934
CGND-HRA-00082-v2-2-grch38,43383971
CGND-HRA-00083-v2-2-grch38,48380675
CGND-HRA-00084-2-v2-2-grch38,46935930
CGND-HRA-00085-v2-2-grch38,59531913
CGND-HRA-00086-v2-2-grch38,47948565
CGND-HRA-00087-v2-2-grch38,30330238
CGND-HRA-00088-v2-2-grch38,44464531
CGND-HRA-00089-2-v2-2-grch38,60592316
CGND-HRA-00090-v2-2-grch38,40203171
CGND-HRA-00091-v2-2-grch38,48593802
CGND-HRA-00092-v2-2-grch38,45578018
CGND-HRA-00093-v2-2-grch38,40069568
CGND-HRA-00095-v2-2-grch38,38001412
CGND-HRA-00096-v2-2-grch38,48223769
CGND-HRA-00097,48435301
CGND-HRA-00099-v2-2-grch38,42172533
CGND-HRA-00100-v2-2-grch38,20158617
CGND-HRA-00101-v2-2-grch38,36848077
CGND-HRA-00102,39335665
CGND-HRA-00103-v2-2-grch38,56438982
CGND-HRA-00104-v2-2-grch38,40322397
CGND-HRA-00106-v2-2-grch38,51342909
CGND-HRA-00108-v2-2-grch38,47636501
CGND-HRA-00110-v2-2-grch38,35608868
CGND-HRA-00111-v2-2-grch38,45617916
CGND-HRA-00112-v2-2-grch38,58010573
CGND-HRA-00115,43449686
CGND-HRA-00117-2,35365101
CGND-HRA-00118-v2-2-grch38,39164399
CGND-HRA-00120,36257298
CGND-HRA-00121-v2-2-grch38,21116732
CGND-HRA-00124-v2-2-grch38,35375384
CGND-HRA-00125,46280314
CGND-HRA-00126-v2-2-grch38,43147394
CGND-HRA-00128-v2-2-grch38,65345674
CGND-HRA-00129-v2-2-grch38,41245568
CGND-HRA-00130,47651994
CGND-HRA-00131,51755879
CGND-HRA-00132,44470434
CGND-HRA-00134-v2-2-grch38,37118846
CGND-HRA-00139-v2-2-grch38,58625191
CGND-HRA-00140,42797737
CGND-HRA-00141,44158859
CGND-HRA-00142,40433496
CGND-HRA-00143-v2-2-grch38,46817399
CGND-HRA-00145,38603656
CGND-HRA-00146,44167624
CGND-HRA-00147,56008329
CGND-HRA-00148-v2-2-grch38,46490606
CGND-HRA-00149-v2-2-grch38,55206106
CGND-HRA-00150,34342814
CGND-HRA-00151-v2-2-grch38,65872143
CGND-HRA-00152-v2-2-grch38,44788784
CGND-HRA-00153-v2-2-grch38,41852977
CGND-HRA-00154-v2-2-grch38,46200815
CGND-HRA-00155-v2-2-grch38,36931069
CGND-HRA-00156-v2-2-grch38,53344343
CGND-HRA-00157,41104158
CGND-HRA-00159-v2-2-grch38,43066534
CGND-HRA-00160-v2-2-grch38,58805145
CGND-HRA-00163,35925567
CGND-HRA-00166-v2-2-grch38,45609163
CGND-HRA-00168-v2-2-grch38,45888386
CGND-HRA-00169-v2-2-grch38,37536535
CGND-HRA-00170-v2-2-grch38,48318914
CGND-HRA-00171-v2-2-grch38,39920302
CGND-HRA-00173,42488182
CGND-HRA-00174,40714967
CGND-HRA-00175-v2-2-grch38,41785798
CGND-HRA-00176,37753542
CGND-HRA-00178-v2-2-grch38,40657750
CGND-HRA-00179-v2-2-grch38,50288793
CGND-HRA-00182-v2-2-grch38,37262710
CGND-HRA-00183-v2-2-grch38,46422735
CGND-HRA-00188-v2-2-grch38,50680894
CGND-HRA-00190,37518540
CGND-HRA-00191,34882124
CGND-HRA-00193-v2-2-grch38,49761870
CGND-HRA-00194-v2-2-grch38,28797095
CGND-HRA-00195-v2-2-grch38,44683641
CGND-HRA-00196-v2-2-grch38,43903200
CGND-HRA-00197-v2-2-grch38,38518640
CGND-HRA-00198-v2-2-grch38,38237689
CGND-HRA-00199-v2-2-grch38,46601668
CGND-HRA-00200,39011319
CGND-HRA-00202-v2-2-grch38,32731801
CGND-HRA-00203-v2-2-grch38,38349916
CGND-HRA-00204-v2-2-grch38,36900426
CGND-HRA-00205-v2-2-grch38,33652660
CGND-HRA-00206-v2-2-grch38,35042496
CGND-HRA-00207-v2-2-grch38,17426871
CGND-HRA-00208-v2-2-grch38,42193417
CGND-HRA-00209-v2-2-grch38,20456080
CGND-HRA-00210-v2-2-grch38,40194687
CGND-HRA-00211-v2-2-grch38,45743457
CGND-HRA-00212-v2-2-grch38,43375104
CGND-HRA-00213-v2-2-grch38,59603634
CGND-HRA-00214-v2-2-grch38,37758137
CGND-HRA-00215-v2-2-grch38,31784781
CGND-HRA-00216-v2-2-grch38,46598443
CGND-HRA-00217-v2-2-grch38,29967273
CGND-HRA-00218-v2-2-grch38,53889608
CGND-HRA-00219-v2-2-grch38,29075638
CGND-HRA-00220-v2-2-grch38,58538348
CGND-HRA-00221-v2-2-grch38,36704149
CGND-HRA-00222-v2-2-grch38,39856044
CGND-HRA-00223-v2-2-grch38,57973244
CGND-HRA-00224-v2-2-grch38,44243821
CGND-HRA-00225-v2-2-grch38,42067422
CGND-HRA-00226-v2-2-grch38,48616686
CGND-HRA-00227-v2-2-grch38,41045470
CGND-HRA-00228-v2-2-grch38,19787319
CGND-HRA-00229-v2-2-grch38,43471615
CGND-HRA-00230-v2-2-grch38,48959793
CGND-HRA-00231-v2-2-grch38,64308994
CGND-HRA-00232-v2-2-grch38,36951550
CGND-HRA-00233-v2-2-grch38,40280285
CGND-HRA-00234-v2-2-grch38,44453146
CGND-HRA-00235-v2-2-grch38,53725082
CGND-HRA-00236-v2-2-grch38,60518220
CGND-HRA-00237-v2-2-grch38,40360976
CGND-HRA-00238-v2-2-grch38,39208669
CGND-HRA-00239-v2-2-grch38,36922029
CGND-HRA-00240-v2-2-grch38,37685662
CGND-HRA-00241-v2-2-grch38,29819915
CGND-HRA-00242-v2-2-grch38,45729495
CGND-HRA-00243-v2-2-grch38,26972150
CGND-HRA-00244-v2-2-grch38,28384725
CGND-HRA-00245-v2-2-grch38,45437455
CGND-HRA-00246-v2-2-grch38,44797658
CGND-HRA-00247-v2-2-grch38,33803033
CGND-HRA-00248-v2-2-grch38,32725156
CGND-HRA-00249-v2-2-grch38,37548571
CGND-HRA-00250-v2-2-grch38,45022145
CGND-HRA-00251-v2-2-grch38,38462494
CGND-HRA-00252-v2-2-grch38,41262953
CGND-HRA-00254-v2-2-grch38,43643739
CGND-HRA-00255-v2-2-grch38,45704454
CGND-HRA-00256-v2-2-grch38,57376713
CGND-HRA-00257-2,50560930
CGND-HRA-00258-v2-2-grch38,23709160
CGND-HRA-00259-v2-2-grch38,33711947
CGND-HRA-00260-v2-2-grch38,40652407
CGND-HRA-00261-v2-2-grch38,41680098
CGND-HRA-00262-v2-2-grch38,48994648
CGND-HRA-00263-v2-2-grch38,29146966
CGND-HRA-00264-v2-2-grch38,43330537
CGND-HRA-00265-v2-2-grch38,37196295
CGND-HRA-00266-v2-2-grch38,33316586
CGND-HRA-00267-v2-2-grch38,33471237
CGND-HRA-00268-v2-2-grch38,31143332
CGND-HRA-00269-v2-2-grch38,51670689
CGND-HRA-00270-v2-2-grch38,48231869
CGND-HRA-00271-v2-2-grch38,39466878
CGND-HRA-00272-v2-2-grch38,46870733
CGND-HRA-00273-v2-2-grch38,37807014
CGND-HRA-00274,29442269
CGND-HRA-00275-v2-2-grch38,37583361
CGND-HRA-00276-v2-2-grch38,48417285
CGND-HRA-00277-v2-2-grch38,35194999
CGND-HRA-00278-2,41610357
CGND-HRA-00279-v2-2-grch38,48107596
CGND-HRA-00280-v2-2-grch38,39730178
CGND-HRA-00281-v2-2-grch38,45743462
CGND-HRA-00282-v2-2-grch38,58248307
CGND-HRA-00283-v2-2-grch38,23448366
CGND-HRA-00284-v2-2-grch38,41573326
CGND-HRA-00285-v2-2-grch38,46718565
CGND-HRA-00286-v2-2-grch38,35631725
CGND-HRA-00287-v2-2-grch38,40446467
CGND-HRA-00288-v2-2-grch38,41577003
CGND-HRA-00289,45331978
CGND-HRA-00290,40790984
CGND-HRA-00295-v2-2-grch38,60507834
CGND-HRA-00296-v2-2-grch38,36879186
CGND-HRA-00297-v2-2-grch38,47723678
CGND-HRA-00298-v2-2-grch38,38065540
CGND-HRA-00299-v2-2-grch38,31097034
CGND-HRA-00300-v2-2-grch38,39941971
CGND-HRA-00301-v2-2-grch38,38051660
CGND-HRA-00302-v2-2-grch38,46239450
CGND-HRA-00303-v2-2-grch38,34080870
CGND-HRA-00304-v2-2-grch38,41766336
CGND-HRA-00305-v2-2-grch38,77321558
CGND-HRA-00306-v2-2-grch38,31810473
CGND-HRA-00307-v2-2-grch38,37702146
CGND-HRA-00308-v2-2-grch38,42890634
CGND-HRA-00309-v2-2-grch38,27535908
CGND-HRA-00310-v2-2-grch38,38397819
CGND-HRA-00311-v2-2-grch38,30219743
CGND-HRA-00312-v2-2-grch38,42418376
CGND-HRA-00313-v2-2-grch38,36802991
CGND-HRA-00314-v2-2-grch38,42867864
CGND-HRA-00315-v2-2-grch38,40002614
CGND-HRA-00316-v2-2-grch38,27930587
CGND-HRA-00317-v2-2-grch38,36862588
CGND-HRA-00318-v2-2-grch38,36029778
CGND-HRA-00319-v2-2-grch38,30508282
CGND-HRA-00320-v2-2-grch38,32207667
CGND-HRA-00321-v2-2-grch38,26367398
CGND-HRA-00322-v2-2-grch38,29084981
CGND-HRA-00323-v2-2-grch38,28980028
CGND-HRA-00324-v2-2-grch38,26756383
CGND-HRA-00325-v2-2-grch38,39056840
CGND-HRA-00326-v2-2-grch38,35016475
CGND-HRA-00328-v2-2-grch38,42695347
CGND-HRA-00330-v2-2-grch38,39071249
CGND-HRA-00331-v2-2-grch38,37512221
CGND-HRA-00333-v2-2-grch38,46120327
CGND-HRA-00334-v2-2-grch38,33150706
CGND-HRA-00335-v2-2-grch38,38029714
CGND-HRA-00336-v2-2-grch38,34174816
CGND-HRA-00337-v2-2-grch38,32082317
CGND-HRA-00338-v2-2-grch38,39057855
CGND-HRA-00339-v2-2-grch38,45015378
CGND-HRA-00340-v2-2-grch38,36196357
CGND-HRA-00341-v2-2-grch38,40441191
CGND-HRA-00342-v2-2-grch38,33405844
CGND-HRA-00343-v2-2-grch38,43070204
CGND-HRA-00344-v2-2-grch38,52521795
CGND-HRA-00345-v2-2-grch38,36981649
CGND-HRA-00346-v2-2-grch38,45064883
CGND-HRA-00347-v2-2-grch38,38938584
CGND-HRA-00348-v2-2-grch38,40284056
CGND-HRA-00349-v2-2-grch38,43680454
CGND-HRA-00350-v2-2-grch38,40398216
CGND-HRA-00351-v2-2-grch38,39643665
CGND-HRA-00352-v2-2-grch38,42038049
CGND-HRA-00353-v2-2-grch38,46773574
CGND-HRA-00354-v2-2-grch38,39531814
CGND-HRA-00355-v2-2-grch38,37490964
CGND-HRA-00356-v2-2-grch38,40329013
CGND-HRA-00357-v2-2-grch38,49563477
CGND-HRA-00358-v2-2-grch38,37877873
CGND-HRA-00359-v2-2-grch38,38188812
CGND-HRA-00360-v2-2-grch38,43138969
CGND-HRA-00361-v2-2-grch38,37102905
CGND-HRA-00362-v2-2-grch38,38760267
CGND-HRA-00363-v2-2-grch38,45712538
CGND-HRA-00364-v2-2-grch38,45578228
CGND-HRA-00365-v2-2-grch38,40449119
CGND-HRA-00366-v2-2-grch38,40501694
CGND-HRA-00367-v2-2-grch38,34657823
CGND-HRA-00368-v2-2-grch38,24443674
CGND-HRA-00369-v2-2-grch38,40439805
CGND-HRA-00370-v2-2-grch38,38379185
CGND-HRA-00371-v2-2-grch38,31060588
CGND-HRA-00372-v2-2-grch38,39905032
CGND-HRA-00373-v2-2-grch38,35331259
CGND-HRA-00374-v2-2-grch38,48348806
CGND-HRA-00375-v2-2-grch38,40927770
CGND-HRA-00376-v2-2-grch38,46560809
CGND-HRA-00377-v2-2-grch38,35698686
CGND-HRA-00378-v2-2-grch38,39953926
CGND-HRA-00379-v2-2-grch38,40314670
CGND-HRA-00380-v2-2-grch38,37926983
CGND-HRA-00381-v2-2-grch38,40162803
CGND-HRA-00382-v2-2-grch38,40534229
CGND-HRA-00383-v2-2-grch38,43895837
CGND-HRA-00384-v2-2-grch38,54203435
CGND-HRA-00385-v2-2-grch38,37163635
CGND-HRA-00386-v2-2-grch38,48481538
CGND-HRA-00387-v2-2-grch38,28530052
CGND-HRA-00388-v2-2-grch38,45362772
CGND-HRA-00389-v2-2-grch38,39442376
CGND-HRA-00390-v2-2-grch38,42055963
CGND-HRA-00391-v2-2-grch38,46822074
CGND-HRA-00392-v2-2-grch38,41898691
CGND-HRA-00393-v2-2-grch38,48522491
CGND-HRA-00394-v2-2-grch38,28250968
CGND-HRA-00395-v2-2-grch38,51408869
CGND-HRA-00396-v2-2-grch38,35605031
CGND-HRA-00397-v2-2-grch38,48696553
CGND-HRA-00398-v2-2-grch38,35199475
CGND-HRA-00399-v2-2-grch38,44307875
CGND-HRA-00400-v2-2-grch38,38650265
CGND-HRA-00401-v2-2-grch38,41747840
CGND-HRA-00402-v2-2-grch38,21352940
CGND-HRA-00403-v2-2-grch38,49387674
CGND-HRA-00404-v2-2-grch38,37035476
CGND-HRA-00405-v2-2-grch38,40305242
CGND-HRA-00406-v2-2-grch38,43615569
CGND-HRA-00407-v2-2-grch38,34080079
CGND-HRA-00408-v2-2-grch38,45329730
CGND-HRA-00409-v2-2-grch38,40603982
CGND-HRA-00410-v2-2-grch38,49304097
CGND-HRA-00411-v2-2-grch38,41239017
CGND-HRA-00412-v2-2-grch38,48877975
CGND-HRA-00413-v2-2-grch38,43248271
CGND-HRA-00414-v2-2-grch38,36310460
CGND-HRA-00415-v2-2-grch38,45356827
CGND-HRA-00416-v2-2-grch38,43231370
CGND-HRA-00417-v2-2-grch38,58145102
CGND-HRA-00418-v2-2-grch38,59170135
CGND-HRA-00419-v2-2-grch38,54577842
CGND-HRA-00420-v2-2-grch38,53483605
CGND-HRA-00421-v2-2-grch38,37198666
CGND-HRA-00422-v2-2-grch38,32554494
CGND-HRA-00423-v2-2-grch38,29689044
CGND-HRA-00424-v2-2-grch38,33471006
CGND-HRA-00425-v2-2-grch38,30422867
CGND-HRA-00426-v2-2-grch38,31925074
CGND-HRA-00427-v2-2-grch38,33612147
CGND-HRA-00428-v2-2-grch38,28373468
CGND-HRA-00429-v2-2-grch38,40411709
CGND-HRA-00430-v2-2-grch38,36124916
CGND-HRA-00431-2-v2-2-grch38,25529256
CGND-HRA-00431-v2-2-grch38,22052980
CGND-HRA-00432-v2-2-grch38,33130228
CGND-HRA-00433-v2-2-grch38,57955994
CGND-HRA-00434-v2-2-grch38,56728101
CGND-HRA-00435-v2-2-grch38,31160584
CGND-HRA-00436-v2-2-grch38,29699216
CGND-HRA-00437-v2-2-grch38,39003588
CGND-HRA-00438-v2-2-grch38,28711612
CGND-HRA-00439-v2-2-grch38,40986345
CGND-HRA-00460-v2-2-grch38,24417844
CGND-HRA-00461,57727012
CGND-HRA-00462,41635771
CGND-HRA-00463,46475880
CGND-HRA-00464,42958799
CGND-HRA-00465-v2-2-grch38,29854035
CGND-HRA-00466-v2-2-grch38,31691097
CGND-HRA-00467,40296991
CGND-HRA-00468,43743209
CGND-HRA-00469-v2-2-grch38,34645402
CGND-HRA-00473,46988251
CGND-HRA-00474,43296177
CGND-HRA-00475,47408006
CGND-HRA-00476-v2-2-grch38,49316291
CGND-HRA-00477,45522123
CGND-HRA-00478,50206846
CGND-HRA-00479-v2-2-grch38,21263587
CGND-HRA-00480-v2-2-grch38,36264665
CGND-HRA-00481-v2-2-grch38,28078337
CGND-HRA-00482,46881849
CGND-HRA-00483,52026915
CGND-HRA-00484,45057114
CGND-HRA-00485,42477048
CGND-HRA-00486-v2-2-grch38,41749228
CGND-HRA-00487-v2-2-grch38,34192969
CGND-HRA-00488,51576521
CGND-HRA-00489,54512941
CGND-HRA-00490,38951790
CGND-HRA-00492-v2-2-grch38,43068452
CGND-HRA-00493,46348505
CGND-HRA-00494,39348357
CGND-HRA-00495,34509125
CGND-HRA-00496,40910451
CGND-HRA-00497,34746777
CGND-HRA-00498,43500703
CGND-HRA-00500,28197565
CGND-HRA-00501,40218741
CGND-HRA-00502,49979110
CGND-HRA-00503,43423257
CGND-HRA-00504,35409994
CGND-HRA-00505,39143769
CGND-HRA-00506,29124676
CGND-HRA-00507,38056486
CGND-HRA-00509,34972782
CGND-HRA-00510,42642582
CGND-HRA-00511,49882900
CGND-HRA-00512,35902392
CGND-HRA-00513,46638092
CGND-HRA-00514,31204303
CGND-HRA-00515,38005016
CGND-HRA-00517,37185177
CGND-HRA-00520,43693818
CGND-HRA-00521,41100828
CGND-HRA-00522,36879814
CGND-HRA-00523-v2-2-grch38,36215682
CGND-HRA-00525-v2-2-grch38,34895398
CGND-HRA-00526-v2-2-grch38,37256815
CGND-HRA-00527-v2-2-grch38,37910930
CGND-HRA-00528-v2-2-grch38,32706532
CGND-HRA-00529-v2-2-grch38,40238536
CGND-HRA-00530-v2-2-grch38,35867232
CGND-HRA-00531-v2-2-grch38,47352048
CGND-HRA-00532-v2-2-grch38,52252184
CGND-HRA-00533-v2-2-grch38,35977134
CGND-HRA-00534-v2-2-grch38,41376777
CGND-HRA-00535-v2-2-grch38,43227098
CGND-HRA-00536-v2-2-grch38,32367661
CGND-HRA-00537-v2-2-grch38,28570759
CGND-HRA-00538-v2-2-grch38,44130906
CGND-HRA-00539-v2-2-grch38,35096832
CGND-HRA-00540-v2-2-grch38,52443976
CGND-HRA-00542-v2-2-grch38,39107139
CGND-HRA-00543-v2-2-grch38,34968151
CGND-HRA-00544-v2-2-grch38,34266637
CGND-HRA-00545-v2-2-grch38,36141392
CGND-HRA-00546-v2-2-grch38,38069884
CGND-HRA-00547-v2-2-grch38,44525154
CGND-HRA-00548-v2-2-grch38,32349081
CGND-HRA-00549-v2-2-grch38,28808473
CGND-HRA-00550-v2-2-grch38,48168891
CGND-HRA-00551-v2-2-grch38,45281542
CGND-HRA-00552-v2-2-grch38,34643514
CGND-HRA-00553-v2-2-grch38,39144450
CGND-HRA-00554-v2-2-grch38,41083410
CGND-HRA-00555-v2-2-grch38,40260628
CGND-HRA-00556-v2-2-grch38,40593821
CGND-HRA-00557-v2-2-grch38,49425469
CGND-HRA-00558-v2-2-grch38,42014140
CGND-HRA-00559-v2-2-grch38,34098515
CGND-HRA-00560-v2-2-grch38,40499417
CGND-HRA-00561-v2-2-grch38,44620336
CGND-HRA-00562-v2-2-grch38,47338455
CGND-HRA-00563-v2-2-grch38,31109461
CGND-HRA-00564-v2-2-grch38,25184497
CGND-HRA-00565-v2-2-grch38,23705153
CGND-HRA-00566-v2-2-grch38,31924570
CGND-HRA-00567-v2-2-grch38,41038031
CGND-HRA-00568-v2-2-grch38,32667321
CGND-HRA-00569-v2-2-grch38,36186463
CGND-HRA-00570-v2-2-grch38,29173640
CGND-HRA-00571-v2-2-grch38,69133224
CGND-HRA-00572-v2-2-grch38,21297728
CGND-HRA-00573-v2-2-grch38,39955574
CGND-HRA-00574-v2-2-grch38,36330360
CGND-HRA-00575-v2-2-grch38,37120056
CGND-HRA-00576-v2-2-grch38,47086145
CGND-HRA-00577-v2-2-grch38,44322571
CGND-HRA-00578-v2-2-grch38,34399708
CGND-HRA-00579-v2-2-grch38,37932177
CGND-HRA-00580-v2-2-grch38,25323797
CGND-HRA-00581-v2-2-grch38,90601287
CGND-HRA-00582-v2-2-grch38,34548062
CGND-HRA-00583-v2-2-grch38,42610503
CGND-HRA-00584-v2-2-grch38,37869969
CGND-HRA-00585-v2-2-grch38,54233023
CGND-HRA-00586-v2-2-grch38,46247377
CGND-HRA-00587-v2-2-grch38,20334214
CGND-HRA-00588-v2-2-grch38,34364116
CGND-HRA-00589-v2-2-grch38,53993979
CGND-HRA-00590-v2-2-grch38,42368318
CGND-HRA-00591-2,38725127
CGND-HRA-00592-v2-2-grch38,47946552
CGND-HRA-00593-v2-2-grch38,38034642
CGND-HRA-00594-v2-2-grch38,34707600
CGND-HRA-00595-v2-2-grch38,59867205
CGND-HRA-00596-v2-2-grch38,35963223
CGND-HRA-00598-v2-2-grch38,43396905
CGND-HRA-00599-v2-2-grch38,29151968
CGND-HRA-00600-v2-2-grch38,36628762
CGND-HRA-00601-v2-2-grch38,54239275
CGND-HRA-00603-v2-2-grch38,45903067
CGND-HRA-00604-v2-2-grch38,45116877
CGND-HRA-00605-v2-2-grch38,76127127
CGND-HRA-00606-v2-2-grch38,43815749
CGND-HRA-00607-v2-2-grch38,42972881
CGND-HRA-00608-v2-2-grch38,31910079
CGND-HRA-00609-v2-2-grch38,42066934
CGND-HRA-00610-v2-2-grch38,43346764
CGND-HRA-00611-v2-2-grch38,36478366
CGND-HRA-00612-v2-2-grch38,56718898
CGND-HRA-00613-v2-2-grch38,42492426
CGND-HRA-00614-v2-2-grch38,38832109
CGND-HRA-00615-v2-2-grch38,38208864
CGND-HRA-00616-v2-2-grch38,36856457
CGND-HRA-00617-2-v2-2-grch38,33383526
CGND-HRA-00618-v2-2-grch38,23979783
CGND-HRA-00620-v2-2-grch38,42730233
CGND-HRA-00621-v2-2-grch38,36671998
CGND-HRA-00622-v2-2-grch38,50745889
CGND-HRA-00623-v2-2-grch38,39119498
CGND-HRA-00624-v2-2-grch38,50702384
CGND-HRA-00625-v2-2-grch38,40047319
CGND-HRA-00626-v2-2-grch38,40276337
CGND-HRA-00627,41193956
CGND-HRA-00628,42184004
CGND-HRA-00629,43194917
CGND-HRA-00630,39408382
CGND-HRA-00631-v2-2-grch38,43081378
CGND-HRA-00633-v2-2-grch38,39752406
CGND-HRA-00634-v2-2-grch38,44378307
CGND-HRA-00636-v2-2-grch38,32602846
CGND-HRA-00637-v2-2-grch38,33242102
CGND-HRA-00638-v2-2-grch38,39261561
CGND-HRA-00639-2,27488131
CGND-HRA-00640-v2-2-grch38,23236469
CGND-HRA-00641-v2-2-grch38,32927701
CGND-HRA-00642-v2-2-grch38,31521397
CGND-HRA-00643-v2-2-grch38,54420078
CGND-HRA-00644-v2-2-grch38,37982127
CGND-HRA-00645-v2-2-grch38,30585512
CGND-HRA-00646,34106190
CGND-HRA-00647,38503741
CGND-HRA-00648-v2-2-grch38,45221347
CGND-HRA-00649-v2-2-grch38,39619765
CGND-HRA-00650-v2-2-grch38,49185229
CGND-HRA-00651-v2-2-grch38,40835573
CGND-HRA-00652-v2-2-grch38,43017207
CGND-HRA-00653-v2-2-grch38,50102122
CGND-HRA-00654-v2-2-grch38,40090990
CGND-HRA-00655-v2-2-grch38,41185085
CGND-HRA-00656-v2-2-grch38,39818888
CGND-HRA-00657-v2-2-grch38,44460049
CGND-HRA-00658-v2-2-grch38,43791135
CGND-HRA-00659-v2-2-grch38,63843114
CGND-HRA-00660-v2-2-grch38,40515656
CGND-HRA-00661-v2-2-grch38,38785608
CGND-HRA-00662-v2-2-grch38,43759431
CGND-HRA-00663-v2-2-grch38,51321962
CGND-HRA-00664-v2-2-grch38,57243826
CGND-HRA-00665-v2-2-grch38,39517006
CGND-HRA-00666-v2-2-grch38,37036416
CGND-HRA-00667-v2-2-grch38,33166544
CGND-HRA-00668-v2-2-grch38,34229729
CGND-HRA-00669-v2-2-grch38,53722117
CGND-HRA-00670-v2-2-grch38,51109604
CGND-HRA-00671-v2-2-grch38,80746282
CGND-HRA-00672-v2-2-grch38,24672583
CGND-HRA-00673-v2-2-grch38,56380772
CGND-HRA-00674-v2-2-grch38,38089655
CGND-HRA-00675-v2-2-grch38,32602192
CGND-HRA-00676-v2-2-grch38,36437020
CGND-HRA-00677,39304108
CGND-HRA-00678,41520405
CGND-HRA-00679,38944762
CGND-HRA-00680-v2-2-grch38,39952037
CGND-HRA-00681-v2-2-grch38,52859153
CGND-HRA-00682,47955635
CGND-HRA-00683,102206931
CGND-HRA-00684-v2-2-grch38,57452889
CGND-HRA-00685-v2-2-grch38,57512539
CGND-HRA-00686-v2-2-grch38,46673441
CGND-HRA-00687-v2-2-grch38,37389503
CGND-HRA-00688-v2-2-grch38,39785526
CGND-HRA-00689-v2-2-grch38,37814975
CGND-HRA-00690-v2-2-grch38,42283553
CGND-HRA-00691-v2-2-grch38,42770343
CGND-HRA-00692-v2-2-grch38,34091862
CGND-HRA-00693-v2-2-grch38,43082873
CGND-HRA-00694-v2-2-grch38,39399375
CGND-HRA-00695-v2-2-grch38,36553357
CGND-HRA-00696-v2-2-grch38,56388376
CGND-HRA-00697-v2-2-grch38,43956507
CGND-HRA-00698-v2-2-grch38,43013929
CGND-HRA-00700-v2-2-grch38,46298676
CGND-HRA-00701-v2-2-grch38,35253775
CGND-HRA-00702-v2-2-grch38,40176839
CGND-HRA-00703-v2-2-grch38,40156158
CGND-HRA-00704-v2-2-grch38,36483226
CGND-HRA-00705-v2-2-grch38,51846656
CGND-HRA-00706-v2-2-grch38,40547128
CGND-HRA-00707-v2-2-grch38,56701509
CGND-HRA-00708-v2-2-grch38,41900446
CGND-HRA-00709-v2-2-grch38,46478567
CGND-HRA-00710-v2-2-grch38,32208216
CGND-HRA-00713-v2-2-grch38,45978425
CGND-HRA-00714-v2-2-grch38,50539682
CGND-HRA-00715-v2-2-grch38,36502460
CGND-HRA-00716-v2-2-grch38,39894942
CGND-HRA-00717-v2-2-grch38,47900165
CGND-HRA-00718-v2-2-grch38,39313165
CGND-HRA-00719-v2-2-grch38,53756594
CGND-HRA-00720-v2-2-grch38,40572885
CGND-HRA-00721-v2-2-grch38,43311029
CGND-HRA-00722-v2-2-grch38,49054729
CGND-HRA-00723-v2-2-grch38,42426165
CGND-HRA-00724-v2-2-grch38,37822550
CGND-HRA-00725-v2-2-grch38,49387312
CGND-HRA-00726-v2-2-grch38,46215142
CGND-HRA-00727-v2-2-grch38,44601360
CGND-HRA-00728-v2-2-grch38,46213674
CGND-HRA-00729-v2-2-grch38,42789582
CGND-HRA-00730-v2-2-grch38,35249728
CGND-HRA-00731-v2-2-grch38,50133928
CGND-HRA-00732,30622645
CGND-HRA-00733,27141544
CGND-HRA-00734,44794867
CGND-HRA-00735,43346971
CGND-HRA-00736,36686865
CGND-HRA-00737,31871875
CGND-HRA-00746-v2-2-grch38,53877849
CGND-HRA-00747,40559438
CGND-HRA-00748,40685159
CGND-HRA-00749,48534690
CGND-HRA-00750,38530010
CGND-HRA-00751-b38a,24938382
CGND-HRA-00752-b38a,45318859
CGND-HRA-00753-b38a,39678324
CGND-HRA-00754-b38a,33145267
CGND-HRA-00755-b38a,31522842
CGND-HRA-00756-b38a,55168604
CGND-HRA-00757-b38a,27015952
CGND-HRA-00758-b38a,66655310
CGND-HRA-00759-b38a,34050334
CGND-HRA-00760-b38a,45541311
CGND-HRA-00761-v2-2-grch38,38843987
CGND-HRA-00763-v2-2-grch38,39649287
CGND-HRA-00764-v2-2-grch38,35073847
CGND-HRA-00765-v2-2-grch38,37382529
CGND-HRA-00766-v2-2-grch38,54560816
CGND-HRA-00767,49830553
CGND-HRA-00769,40946761
CGND-HRA-00770,36859148
CGND-HRA-00771,39581375
CGND-HRA-00772,39525602
CGND-HRA-00773-b38a,37131760
CGND-HRA-00774-b38a,32331225
CGND-HRA-00775-b38a,43647276
CGND-HRA-00776-b38a,46435214
CGND-HRA-00777-b38a,39278430
CGND-HRA-00779,37439587
CGND-HRA-00781,37472438
CGND-HRA-00782,40672935
CGND-HRA-00783-b38a,45672809
CGND-HRA-00784-b38a,31073743
CGND-HRA-00785-b38a,35121408
CGND-HRA-00786-b38a,34361816
CGND-HRA-00787-b38a,30929852
CGND-HRA-00788-b38a,33849538
CGND-HRA-00789-b38a,38992647
CGND-HRA-00790-b38a,38126232
CGND-HRA-00791-b38a,52801455
CGND-HRA-00792-b38a,29222336
CGND-HRA-00793-b38a,44402477
CGND-HRA-00794-b38a,44851667
CGND-HRA-00795-b38a,38411903
CGND-HRA-00796-b38a,32837925
CGND-HRA-00798-b38a,36611229
CGND-HRA-00799-b38a,44238256
CGND-HRA-00802,46351168
CGND-HRA-00803,45634927
CGND-HRA-00804,39927724
CGND-HRA-00805,40181655
CGND-HRA-00806,43045313
CGND-HRA-00807,43077694
CGND-HRA-00808,36848254
CGND-HRA-00809,40041275
CGND-HRA-00810,50461464
CGND-HRA-00811,41881749
CGND-HRA-00812,43743351
CGND-HRA-00813,43102772
CGND-HRA-00814,40559788
CGND-HRA-00815,41140898
CGND-HRA-00816,45526340
CGND-HRA-00817,48247193
CGND-HRA-00818,39323342
CGND-HRA-00819,40025951
CGND-HRA-00820,40233999
CGND-HRA-00821,43611210
CGND-HRA-00822,41941917
CGND-HRA-00823,40545458
CGND-HRA-00824,51656262
CGND-HRA-00825,38626495
CGND-HRA-00826,40954069
CGND-HRA-00827,38375094
CGND-HRA-00828,44738440
CGND-HRA-00829,37367798
CGND-HRA-00830,42427558
CGND-HRA-00832,43633066
CGND-HRA-00833,42056775
CGND-HRA-00834,42108710
CGND-HRA-00835,41896582
CGND-HRA-00836,43280272
CGND-HRA-00837,38669657
CGND-HRA-00838,34962558
CGND-HRA-00839,38366543
CGND-HRA-00840,40856947
CGND-HRA-00841,34081708
CGND-HRA-00842,32296626
CGND-HRA-00843,31028461
CGND-HRA-00845,43760001
CGND-HRA-00846-v2-2-grch38,108440794
CGND-HRA-00847,40195495
CGND-HRA-00848,42274886
CGND-HRA-00849,38049597
CGND-HRA-00850,43173503
CGND-HRA-00851,45314992
CGND-HRA-00852,41161787
CGND-HRA-00853,43294112
CGND-HRA-00854,38087957
CGND-HRA-00855,40610488
CGND-HRA-00856,39671884
CGND-HRA-00857,40471063
CGND-HRA-00858,39878237
CGND-HRA-00859,36756345
CGND-HRA-00861,38560926
CGND-HRA-00862,49247985
CGND-HRA-00863,42807234
CGND-HRA-00864,33014745
CGND-HRA-00865,39781640
CGND-HRA-00866,37975925
CGND-HRA-00867,46901071
CGND-HRA-00868,43635706
CGND-HRA-00869,43423689
CGND-HRA-00870,42460731
CGND-HRA-00876,36066129
CGND-HRA-00877,38428239
CGND-HRA-00878,39574691
CGND-HRA-00879,34828053
CGND-HRA-00880,37238249
CGND-HRA-00881,37627124
CGND-HRA-00882,38197792
CGND-HRA-00883,39835452
CGND-HRA-00884,40536931
CGND-HRA-00885,44547056
CGND-HRA-00886,36459954
CGND-HRA-00887,38412689
CGND-HRA-00888,109805858
CGND-HRA-00891,131295968
CGND-HRA-00892,123943599
CGND-HRA-00893,66441560
CGND-HRA-00894,106595899
CGND-HRA-00895,106836772
CGND-HRA-00896,105813322
CGND-HRA-00897,94156899
CGND-HRA-00898,101582927
CGND-HRA-00899,140540527
CGND-HRA-00900,110822242
CGND-HRA-00901,118347995
CGND-HRA-00902-v2-2-grch38,21387008
CGND-HRA-00903,123588544
CGND-HRA-00904,118972188
CGND-HRA-00905,101273578
CGND-HRA-00906,94073518
CGND-HRA-00907,97977027
CGND-HRA-00908,97303793
CGND-HRA-00909,155754209
CGND-HRA-00910,114956911
CGND-HRA-00911,136312327
CGND-HRA-00912,109118361
CGND-HRA-00913,101729936
CGND-HRA-00914,118098206
CGND-HRA-00915,135215640
CGND-HRA-00916,125150433
CGND-HRA-00917,111626102
CGND-HRA-00918,124714510
CGND-HRA-00919,108704498
CGND-HRA-00920,115690546
CGND-HRA-00921,122909132
CGND-HRA-00923,133664339
CGND-HRA-00924,97835581
CGND-HRA-00925-b38a,36108948
CGND-HRA-00926-b38a,41252571
CGND-HRA-00927-b38a,33510460
CGND-HRA-00928-b38a,39008390
CGND-HRA-00929-b38a,54262451
CGND-HRA-00930,114835256
CGND-HRA-00931,125133733
CGND-HRA-00932,135216304
CGND-HRA-00933,112523421
CGND-HRA-00934,129663381
CGND-HRA-00936,143760707
CGND-HRA-00937,114889348
CGND-HRA-00938,114657561
CGND-HRA-00939,108285332
CGND-HRA-00940,129017145
CGND-HRA-00941,93500395
CGND-HRA-00942,101303474
CGND-HRA-00943,121866598
CGND-HRA-00944,126835099
CGND-HRA-00945,102812928
CGND-HRA-00946,98037179
CGND-HRA-00947,90969131
CGND-HRA-00948,105142477
CGND-HRA-00949,100134978
CGND-HRA-00950,109606886
CGND-HRA-00951,126570564
CGND-HRA-00953,97940781
CGND-HRA-00954,66081268
CGND-HRA-00955,120872819
CGND-HRA-00956,114313712
CGND-HRA-00957,124635128
CGND-HRA-00958,117728168
CGND-HRA-00959,108311630
CGND-HRA-00960,78283177
CGND-HRA-00961,122513237
CGND-HRA-00962,109054754
CGND-HRA-00963,104014455
CGND-HRA-00964,140231213
CGND-HRA-00965,116326967
CGND-HRA-00966,144324812
CGND-HRA-00967,128629968
CGND-HRA-00968,108390288
CGND-HRA-00969,134616447
CGND-HRA-00970,128873904
CGND-HRA-00971,119275393
CGND-HRA-00972,113236620
CGND-HRA-00973,134533590
CGND-HRA-00974,115791627
CGND-HRA-00975,112149906
CGND-HRA-00976,117779390
CGND-HRA-00978,117918182
CGND-HRA-00979,97893753
CGND-HRA-00980,129405141
CGND-HRA-00981,119699806
CGND-HRA-00982,129650158
CGND-HRA-00983,96424537
CGND-HRA-00985,124220664
CGND-HRA-00986,125805958
CGND-HRA-00987,89064318
CGND-HRA-00988,158602212
CGND-HRA-00989-v2-2-grch38,48037748
CGND-HRA-00990,116260208
CGND-HRA-00992,40647681
CGND-HRA-00993,42388131
CGND-HRA-00994,42985004
CGND-HRA-00996,46365132
CGND-HRA-00997,43364740
CGND-HRA-00998,39415173
CGND-HRA-00999,46695631
CGND-HRA-01000,40490173
CGND-HRA-01001,45806031
CGND-HRA-01003,39759156
CGND-HRA-01004,48018197
CGND-HRA-01005,37543412
CGND-HRA-01007,44168202
CGND-HRA-01008,38089922
CGND-HRA-01009,40606430
CGND-HRA-01010,45584812
CGND-HRA-01011,36128893
CGND-HRA-01012,45057592
CGND-HRA-01013,35814442
CGND-HRA-01014,36311714
CGND-HRA-01015,40308844
CGND-HRA-01016,46980036
CGND-HRA-01017,43988184
CGND-HRA-01018,39125356
CGND-HRA-01019,38332264
CGND-HRA-01020,45851827
CGND-HRA-01021,44500157
CGND-HRA-01022,44971898
CGND-HRA-01023,39664302
CGND-HRA-01024,43139381
CGND-HRA-01025,39277906
CGND-HRA-01026,46822551
CGND-HRA-01027,42306368
CGND-HRA-01028,45976383
CGND-HRA-01029,41866559
CGND-HRA-01030,38247132
CGND-HRA-01031,37924916
CGND-HRA-01032,38026445
CGND-HRA-01033,46567189
CGND-HRA-01034,37464482
CGND-HRA-01035,42992411
CGND-HRA-01036,44905067
CGND-HRA-01037,37626831
CGND-HRA-01038,43062290
CGND-HRA-01039,44686419
CGND-HRA-01040,42865944
CGND-HRA-01041,38370752
CGND-HRA-01042,46552881
CGND-HRA-01043,37926760
CGND-HRA-01044,49616182
CGND-HRA-01045,44038187
CGND-HRA-01046,44349627
CGND-HRA-01047,37185124
CGND-HRA-01048,46991113
CGND-HRA-01049,36444187
CGND-HRA-01050,48196281
CGND-HRA-01051,44236690
CGND-HRA-01052,40455452
CGND-HRA-01053,44198465
CGND-HRA-01054,50735795
CGND-HRA-01055,50710602
CGND-HRA-01056,44835871
CGND-HRA-01057,45748372
CGND-HRA-01058,45703844
CGND-HRA-01059,58454318
CGND-HRA-01060,41145917
CGND-HRA-01061,39461924
CGND-HRA-01062,51185973
CGND-HRA-01063,55445322
CGND-HRA-01064,47527337
CGND-HRA-01065,51235760
CGND-HRA-01066,55724674
CGND-HRA-01067,53057502
CGND-HRA-01068,52182853
CGND-HRA-01069,45219751
CGND-HRA-01070,63738838
CGND-HRA-01071,57525675
CGND-HRA-01072,55382883
CGND-HRA-01073,57471819
CGND-HRA-01074,48783585
CGND-HRA-01075,48279727
CGND-HRA-01076,57935800
CGND-HRA-01077,44408657
CGND-HRA-01078,54008424
CGND-HRA-01079,52484191
CGND-HRA-01080,49645339
CGND-HRA-01081,42052150
CGND-HRA-01082,38113021
CGND-HRA-01083,36062845
CGND-HRA-01084,51989223
CGND-HRA-01085,49752346
CGND-HRA-01086,51857310
CGND-HRA-01089,48723870
CGND-HRA-01090,39477831
CGND-HRA-01091,36403291
CGND-HRA-01092,67347852
CGND-HRA-01093,52797918
CGND-HRA-01094,41750008
CGND-HRA-01095,58617561
CGND-HRA-01096,52785249
CGND-HRA-01097,37372707
CGND-HRA-01098,51098813
CGND-HRA-01099,58485531
CGND-HRA-01100,52582679
CGND-HRA-01101,53255046
CGND-HRA-01102,39656807
CGND-HRA-01103,38161680
CGND-HRA-01105,61980778
CGND-HRA-01106,42236879
CGND-HRA-01107,52828421
CGND-HRA-01108,39890121
CGND-HRA-01110,53343121
CGND-HRA-01111,45911173
CGND-HRA-01112,52416692
CGND-HRA-01113,50115593
CGND-HRA-01117,51641005
CGND-HRA-01118,54621540
CGND-HRA-01119,49269844
CGND-HRA-01120,42478311
CGND-HRA-01121,37844703
CGND-HRA-01122,55877407
CGND-HRA-01123,51941960
CGND-HRA-01124,50906630
CGND-HRA-01125,58591503
CGND-HRA-01126,36724752
CGND-HRA-01127,54287951
CGND-HRA-01128,54872509
CGND-HRA-01129,48287099
CGND-HRA-01130,50699254
CGND-HRA-01131,52237896
CGND-HRA-01132,51146980
CGND-HRA-01133,48784397
CGND-HRA-01134,40642561
CGND-HRA-01136,53614572
CGND-HRA-01137,51889379
CGND-HRA-01138,50135887
CGND-HRA-01139,38190374
CGND-HRA-01140,49141316
CGND-HRA-01141,51697694
CGND-HRA-01142,50384898
CGND-HRA-01143,50375029
CGND-HRA-01145,49159670
CGND-HRA-01146,43299580
CGND-HRA-01147,51729894
CGND-HRA-01149,54664825
CGND-HRA-01150,49592614
CGND-HRA-01151,42760070
CGND-HRA-01153,51978838
CGND-HRA-01154,56134042
CGND-HRA-01155,53353887
CGND-HRA-01156,49910567
CGND-HRA-01157,58212600
CGND-HRA-01158,47461281
CGND-HRA-01159,42402369
CGND-HRA-01160,48415207
CGND-HRA-01161,46030025
CGND-HRA-01162,57857869
CGND-HRA-01163,53994893
CGND-HRA-01164,52376563
CGND-HRA-01165,46326548
CGND-HRA-01167,61661955
CGND-HRA-01168,45179412
CGND-HRA-01169-v2-2-grch38,26421491
CGND-HRA-01170,50273375
CGND-HRA-01171,58679249
CGND-HRA-01172,59302978
CGND-HRA-01173,47820576
CGND-HRA-01174,44745803
CGND-HRA-01175,29339050
CGND-HRA-01176,41629688
CGND-HRA-01177,47703210
CGND-HRA-01178-v2-2-grch38,42315983
CGND-HRA-01179-v2-2-grch38,30397672
CGND-HRA-01180,51164378
CGND-HRA-01181,40038198
CGND-HRA-01182,39139829
CGND-HRA-01183,27697978
CGND-HRA-01184-2-v2-2-grch38,49723537
CGND-HRA-01185-v2-2-grch38,50432918
CGND-HRA-01186-v2-2-grch38,33570350
CGND-HRA-01187-v2-2-grch38,41673968
CGND-HRA-01191,50827335
CGND-HRA-01192,45236185
CGND-HRA-01193,36802441
CGND-HRA-01194,49928048
CGND-HRA-01195,45519142
CGND-HRA-01196,52669779
CGND-HRA-01198,49461657
CGND-HRA-01199,48711390
CGND-HRA-01200,49445919
CGND-HRA-01201,48889164
CGND-HRA-01202,50056197
CGND-HRA-01203,45669339
CGND-HRA-01204-v2-2-grch38,37646291
CGND-HRA-01205-v2-2-grch38,42880477
CGND-HRA-01206-v2-2-grch38,48648911
CGND-HRA-01207-v2-2-grch38,30074235
CGND-HRA-01208-v2-2-grch38,37194183
CGND-HRA-01209-v2-2-grch38,38344708
CGND-HRA-01212-v2-2-grch38,38204070
CGND-HRA-01213-v2-2-grch38,37157347
CGND-HRA-01217-v2-2-grch38,37983928
CGND-HRA-01218-v2-2-grch38,38773412
CGND-HRA-01219-v2-2-grch38,38155883
CGND-HRA-01220-v2-2-grch38,40604294
CGND-HRA-01222-v2-2-grch38,39457502
CGND-HRA-01223-v2-2-grch38,42977754
CGND-HRA-01224-v2-2-grch38,33682617
CGND-HRA-01225-v2-2-grch38,41996610
CGND-HRA-01227-v2-2-grch38,33526488
CGND-HRA-01228-v2-2-grch38,44228409
CGND-HRA-01230-v2-2-grch38,34880583
CGND-HRA-01231-v2-2-grch38,38762098
CGND-HRA-01232-v2-2-grch38,34908958
CGND-HRA-01233-v2-2-grch38,39789367
CGND-HRA-01234-v2-2-grch38,47185530
CGND-HRA-01235-v2-2-grch38,37298279
CGND-HRA-01236-v2-2-grch38,43947502
CGND-HRA-01237-v2-2-grch38,23765560
CGND-HRA-01238-v2-2-grch38,40456418
CGND-HRA-01239-v2-2-grch38,42022297
CGND-HRA-01240-v2-2-grch38,45387681
CGND-HRA-01241-v2-2-grch38,37539851
CGND-HRA-01242-v2-2-grch38,41048947
CGND-HRA-01243-v2-2-grch38,34214447
CGND-HRA-01244-v2-2-grch38,46939954
CGND-HRA-01245-v2-2-grch38,31259489
CGND-HRA-01246-v2-2-grch38,32792393
CGND-HRA-01247-v2-2-grch38,38866966
CGND-HRA-01248-v2-2-grch38,30865788
CGND-HRA-01250-v2-2-grch38,36961718
CGND-HRA-01251-v2-2-grch38,38453146
CGND-HRA-01253-v2-2-grch38,37553508
CGND-HRA-01254-v2-2-grch38,36848319
CGND-HRA-01255-v2-2-grch38,33696503
CGND-HRA-01256-v2-2-grch38,46618801
CGND-HRA-01257-v2-2-grch38,41521490
CGND-HRA-01258-v2-2-grch38,39370394
CGND-HRA-01259-v2-2-grch38,30757306
CGND-HRA-01260-v2-2-grch38,34846789
CGND-HRA-01261-v2-2-grch38,37292475
CGND-HRA-01263-v2-2-grch38,38117145
CGND-HRA-01264-v2-2-grch38,39743133
CGND-HRA-01265-v2-2-grch38,36390128
CGND-HRA-01266-v2-2-grch38,33276489
CGND-HRA-01267-v2-2-grch38,56572311
CGND-HRA-01268-2-v2-2-grch38,31378185
CGND-HRA-01269-v2-2-grch38,39406143
CGND-HRA-01270-v2-2-grch38,41633046
CGND-HRA-01272,25381484
CGND-HRA-01273,34192787
CGND-HRA-01274,63900452
CGND-HRA-01275,45161244
CGND-HRA-01278,37673631
CGND-HRA-01279,65542222
CGND-HRA-01280,31012330
CGND-HRA-01281,35123711
CGND-HRA-01282,37908043
CGND-HRA-01283-v2-2-grch38,40986129
CGND-HRA-01284-v2-2-grch38,45381297
CGND-HRA-01285-v2-2-grch38,42921776
CGND-HRA-01286-v2-2-grch38,52133033
CGND-HRA-01287-v2-2-grch38,34176700
CGND-HRA-01288-2-v2-2-grch38,41945863
CGND-HRA-01289-v2-2-grch38,48313726
CGND-HRA-01290-2-v2-2-grch38,40166671
CGND-HRA-01291-v2-2-grch38,38611934
CGND-HRA-01292-v2-2-grch38,27600651
CGND-HRA-01293-v2-2-grch38,40929410
CGND-HRA-01294-v2-2-grch38,41110208
CGND-HRA-01295-v2-2-grch38,42087015
CGND-HRA-01296-v2-2-grch38,20955972
CGND-HRA-01297-v2-2-grch38,41297799
CGND-HRA-01298-v2-2-grch38,46775477
CGND-HRA-01299-v2-2-grch38,41569980
CGND-HRA-01300-v2-2-grch38,57224468
CGND-HRA-01301,36135188
CGND-HRA-01302-v2-2-grch38,25711649
CGND-HRA-01303,43931094
CGND-HRA-01304,39046586
CGND-HRA-01305,33760857
CGND-HRA-01306,41527893
CGND-HRA-01307,34146039
CGND-HRA-01308,43478007
CGND-HRA-01309,36179244
CGND-HRA-01310,34699709
CGND-HRA-01311,50987518
CGND-HRA-01312,46646430
CGND-HRA-01313,42793776
CGND-HRA-01314,34190206
CGND-HRA-01315,46588689
CGND-HRA-01316,50055509
CGND-HRA-01317,72134704
CGND-HRA-01318,29095669
CGND-HRA-01319,36944297
CGND-HRA-01320,41075946
CGND-HRA-01321,34236105
CGND-HRA-01322,41402489
CGND-HRA-01323,22979834
CGND-HRA-01324,57344463
CGND-HRA-01325,57009947
CGND-HRA-01326,29517393
CGND-HRA-01327-v2-2-grch38,34320178
CGND-HRA-01328-v2-2-grch38,45353235
CGND-HRA-01329-v2-2-grch38,35638953
CGND-HRA-01330-v2-2-grch38,25528640
CGND-HRA-01331-v2-2-grch38,20252496
CGND-HRA-01332-v2-2-grch38,39575148
CGND-HRA-01333-v2-2-grch38,27166973
CGND-HRA-01335-v2-2-grch38,26711521
CGND-HRA-01336-v2-2-grch38,30042965
CGND-HRA-01337-v2-2-grch38,51150932
CGND-HRA-01338-v2-2-grch38,33265532
CGND-HRA-01339-v2-2-grch38,33176859
CGND-HRA-01340-v2-2-grch38,24865552
CGND-HRA-01341-v2-2-grch38,66489074
CGND-HRA-01342-v2-2-grch38,34951360
CGND-HRA-01343-v2-2-grch38,75932990
CGND-HRA-01344-v2-2-grch38,28283790
CGND-HRA-01345-v2-2-grch38,23666737
CGND-HRA-01346,42598347
CGND-HRA-01347,41726611
CGND-HRA-01348-v2-2-grch38,49871062
CGND-HRA-01349-v2-2-grch38,33226173
CGND-HRA-01350-v2-2-grch38,36093239
CGND-HRA-01351-2,44580082
CGND-HRA-01352-v2-2-grch38,21053050
CGND-HRA-01353-v2-2-grch38,28217697
CGND-HRA-01354-v2-2-grch38,46946984
CGND-HRA-01355-v2-2-grch38,45146274
CGND-HRA-01356-v2-2-grch38,30114345
CGND-HRA-01357-v2-2-grch38,59185857
CGND-HRA-01358-v2-2-grch38,26664465
CGND-HRA-01359-v2-2-grch38,28723470
CGND-HRA-01360-v2-2-grch38,27950093
CGND-HRA-01361-v2-2-grch38,46360328
CGND-HRA-01362-v2-2-grch38,27731681
CGND-HRA-01363-v2-2-grch38,33719108
CGND-HRA-01364-v2-2-grch38,41695045
CGND-HRA-01365-v2-2-grch38,59739674
CGND-HRA-01366-v2-2-grch38,34014243
CGND-HRA-01367-v2-2-grch38,33019575
CGND-HRA-01368-2,49236772
CGND-HRA-01369-v2-2-grch38,42396554
CGND-HRA-01370-v2-2-grch38,31339653
CGND-HRA-01371-v2-2-grch38,24797027
CGND-HRA-01372-v2-2-grch38,34228818
CGND-HRA-01373-v2-2-grch38,43883610
CGND-HRA-01374,37650488
CGND-HRA-01375,44631342
CGND-HRA-01376,39560644
CGND-HRA-01377,31291869
CGND-HRA-01378-v2-2-grch38,44450002
CGND-HRA-01379-v2-2-grch38,42196840
CGND-HRA-01380,58594350
CGND-HRA-01381,38289919
CGND-HRA-01382,46560100
CGND-HRA-01383,27015607
CGND-HRA-01384,30963970
CGND-HRA-01385,31609272
CGND-HRA-01386,38204555
CGND-HRA-01387,61632322
CGND-HRA-01388,25501004
CGND-HRA-01389,30477803
CGND-HRA-01390,38179870
CGND-HRA-01392,31275892
CGND-HRA-01393,40702519
CGND-HRA-01394,34158850
CGND-HRA-01396,31020090
CGND-HRA-01397,29672361
CGND-HRA-01398,36562614
CGND-HRA-01399,30779486
CGND-HRA-01400,30193559
CGND-HRA-01401,28281374
CGND-HRA-01403,34806893
CGND-HRA-01404,28615244
CGND-HRA-01405,27131414
CGND-HRA-01407,27748031
CGND-HRA-01408,41977468
CGND-HRA-01409,26643380
CGND-HRA-01410,34034577
CGND-HRA-01411,30047261
CGND-HRA-01412,33965890
CGND-HRA-01413,34574530
CGND-HRA-01414,27333894
CGND-HRA-01415,26487869
CGND-HRA-01416,31665204
CGND-HRA-01417,28885044
CGND-HRA-01418,31029381
CGND-HRA-01419,28059696
CGND-HRA-01420,42067445
CGND-HRA-01421,47155757
CGND-HRA-01422,30346616
CGND-HRA-01423,28182281
CGND-HRA-01424,28957285
CGND-HRA-01425,31956638
CGND-HRA-01426,33600565
CGND-HRA-01427,39090486
CGND-HRA-01428,27717118
CGND-HRA-01429,29254124
CGND-HRA-01430,72485645
CGND-HRA-01431,27503247
CGND-HRA-01432,30100338
CGND-HRA-01433,32945996
CGND-HRA-01434,52715457
CGND-HRA-01436,37800960
CGND-HRA-01437,28754192
CGND-HRA-01438,33721373
CGND-HRA-01439,30136328
CGND-HRA-01440,33919250
CGND-HRA-01441,40686099
CGND-HRA-01442,30428065
CGND-HRA-01443,33116196
CGND-HRA-01445,28183984
CGND-HRA-01446,34991147
CGND-HRA-01447,27362348
CGND-HRA-01448,41657792
CGND-HRA-01449,27755788
CGND-HRA-01450,102652327
CGND-HRA-01451,28934507
CGND-HRA-01452,30660186
CGND-HRA-01453,40393743
CGND-HRA-01454,25573529
CGND-HRA-01455,28286671
CGND-HRA-01456,30210767
CGND-HRA-01457,33733892
CGND-HRA-01458,28370271
CGND-HRA-01459,33928043
CGND-HRA-01461,30687340
CGND-HRA-01462,34280872
CGND-HRA-01463,30227475
CGND-HRA-01464,28407287
CGND-HRA-01465,55897995
CGND-HRA-01466,39330520
CGND-HRA-01467,31160115
CGND-HRA-01468,29108855
CGND-HRA-01469,31834247
CGND-HRA-01470,27528343
CGND-HRA-01471,31454678
CGND-HRA-01472,31185102
CGND-HRA-01473,27679814
CGND-HRA-01474,29838023
CGND-HRA-01475,32231571
CGND-HRA-01476,30814834
CGND-HRA-01477,30840863
CGND-HRA-01478,26496112
CGND-HRA-01479,26607848
CGND-HRA-01480,31468350
CGND-HRA-01481,31445078
CGND-HRA-01482,34525011
CGND-HRA-01483,25674911
CGND-HRA-01484,31747417
CGND-HRA-01485,30775611
CGND-HRA-01487,26345154
CGND-HRA-01488,24588362
CGND-HRA-01489,26366479
CGND-HRA-01490,41805351
CGND-HRA-01491,30257028
CGND-HRA-01492-2,43862767
CGND-HRA-01493,27349040
CGND-HRA-01494,35551719
CGND-HRA-01495,24529522
CGND-HRA-01496,27015449
CGND-HRA-01497,37728475
CGND-HRA-01499,38496935
CGND-HRA-01500,33541390
CGND-HRA-01501,29896505
CGND-HRA-01502,29936717
CGND-HRA-01503,26957206
CGND-HRA-01504,31034268
CGND-HRA-01505,29897023
CGND-HRA-01506,29526513
CGND-HRA-01507,27046204
CGND-HRA-01508,39668774
CGND-HRA-01509,25618105
CGND-HRA-01510-2,42290066
CGND-HRA-01511,27470666
CGND-HRA-01512,31079758
CGND-HRA-01513,25326394
CGND-HRA-01514,29431850
CGND-HRA-01515,28149382
CGND-HRA-01516,27659020
CGND-HRA-01517,25636227
CGND-HRA-01518,29354320
CGND-HRA-01519,27445784
CGND-HRA-01520,30806175
CGND-HRA-01521,38112970
CGND-HRA-01524,34464697
CGND-HRA-01525,25544494
CGND-HRA-01526,35883170
CGND-HRA-01527,26376398
CGND-HRA-01528,28233564
CGND-HRA-01529,36082989
CGND-HRA-01530,29716195
CGND-HRA-01531,38282145
CGND-HRA-01532,25996039
CGND-HRA-01533,26720074
CGND-HRA-01534,26034765
CGND-HRA-01535,29421118
CGND-HRA-01536,34149874
CGND-HRA-01537,40764640
CGND-HRA-01538,29269385
CGND-HRA-01539,34637458
CGND-HRA-01540,49811412
CGND-HRA-01541,28834501
CGND-HRA-01542,26612602
CGND-HRA-01543,28562526
CGND-HRA-01544,26700736
CGND-HRA-01546,44959265
CGND-HRA-01547,36689726
CGND-HRA-01548,25516326
CGND-HRA-01549,28859895
CGND-HRA-01551,46503191
CGND-HRA-01552,44738031
CGND-HRA-01553,41989657
CGND-HRA-01554,25923625
CGND-HRA-01555,28085758
CGND-HRA-01556,26756316
CGND-HRA-01557,34098145
CGND-HRA-01558,39427101
CGND-HRA-01559,49586505
CGND-HRA-01560,34845339
CGND-HRA-01561,29577321
CGND-HRA-01562,29081466
CGND-HRA-01563,27953659
CGND-HRA-01564,33270204
CGND-HRA-01565,44455430
CGND-HRA-01566,26066712
CGND-HRA-01568,49586322
CGND-HRA-01569,44612878
CGND-HRA-01570,39000655
CGND-HRA-01571,40378404
CGND-HRA-01572,26041028
CGND-HRA-01573,32686251
CGND-HRA-01574,44631926
CGND-HRA-01575,42646895
CGND-HRA-01576,47487850
CGND-HRA-01577,44749979
CGND-HRA-01578,29370460
CGND-HRA-01579,36528724
CGND-HRA-01580,42643304
CGND-HRA-01581,26194544
CGND-HRA-01582,31051302
CGND-HRA-01583,35799194
CGND-HRA-01584,28136599
CGND-HRA-01585,35075764
CGND-HRA-01586-2,39743591
CGND-HRA-01587,66743637
CGND-HRA-01588,42357117
CGND-HRA-01589,35861966
CGND-HRA-01590,30982166
CGND-HRA-01591-2,39964225
CGND-HRA-01592,50964932
CGND-HRA-01593,27737686
CGND-HRA-01594,35058430
CGND-HRA-01595,39732935
CGND-HRA-01596,39827573
CGND-HRA-01598,52045352
CGND-HRA-01599,43796733
CGND-HRA-01600,49881078
CGND-HRA-01601,39669015
CGND-HRA-01602,41502920
CGND-HRA-01603,47065110
CGND-HRA-01604,45548053
CGND-HRA-01605,40375390
CGND-HRA-01606,30474439
CGND-HRA-01607,27083885
CGND-HRA-01608,48871171
CGND-HRA-01609,43695066
CGND-HRA-01610,55005718
CGND-HRA-01611,39699305
CGND-HRA-01612,41748711
CGND-HRA-01613,31818123
CGND-HRA-01614,33285984
CGND-HRA-01615,41500110
CGND-HRA-01616,50086906
CGND-HRA-01617-2,50855860
CGND-HRA-01618,32347073
CGND-HRA-01619,41926046
CGND-HRA-01620,36302690
CGND-HRA-01621,32342733
CGND-HRA-01622,42261622
CGND-HRA-01623,36807148
CGND-HRA-01624,29574207
CGND-HRA-01625,42098823
CGND-HRA-01626,39031268
CGND-HRA-01627,47962002
CGND-HRA-01628,33114323
CGND-HRA-01629,46787518
CGND-HRA-01630,39825671
CGND-HRA-01631,37041583
CGND-HRA-01632,37177237
CGND-HRA-01633,49628465
CGND-HRA-01634,40370642
CGND-HRA-01635,35971986
CGND-HRA-01636,38619730
CGND-HRA-01637,35798796
CGND-HRA-01638,35855423
CGND-HRA-01639,46791170
CGND-HRA-01640,39098241
CGND-HRA-01641,43319353
CGND-HRA-01642,41905788
CGND-HRA-01643,36594622
CGND-HRA-01644,38732891
CGND-HRA-01645,34902665
CGND-HRA-01646,39033083
CGND-HRA-01647,34011059
CGND-HRA-01648,39320827
CGND-HRA-01649,33966944
CGND-HRA-01650,46094021
CGND-HRA-01657,39933497
CGND-HRA-01658,37902094
CGND-HRA-01659,38157258
CGND-HRA-01660,38600838
CGND-HRA-01661,35669125
CGND-HRA-01662,35883575
CGND-HRA-01663,46486067
CGND-HRA-01664,37842335
CGND-HRA-01665,31465505
CGND-HRA-01666,36319867
CGND-HRA-01667,42802306
CGND-HRA-01668,37273949
CGND-HRA-01669,42224791
CGND-HRA-01670,38224564
CGND-HRA-01671,35808472
CGND-HRA-01672,38518782
CGND-HRA-01673,38011074
CGND-HRA-01674,40484728
CGND-HRA-01675,44130189
CGND-HRA-01676,37191139
CGND-HRA-01678,36823367
CGND-HRA-01679,39466625
CGND-HRA-01680,41754111
CGND-HRA-01681,35191354
CGND-HRA-01682,44393632
CGND-HRA-01683,34348411
CGND-HRA-01684,45085036
CGND-HRA-01685,36959236
CGND-HRA-01686,45057201
CGND-HRA-01687,36318944
CGND-HRA-01688,36233800
CGND-HRA-01689,43659481
CGND-HRA-01690,43467567
CGND-HRA-01691,39318352
CGND-HRA-01692,40348072
CGND-HRA-01693,38054438
CGND-HRA-01694,40580572
CGND-HRA-01695,39009934
CGND-HRA-01696,38158456
CGND-HRA-01697,42381275
CGND-HRA-01698,34801111
CGND-HRA-01699,42048877
CGND-HRA-01700,40187760
CGND-HRA-01701,45660532
CGND-HRA-01702,37318764
CGND-HRA-01703,42587424
CGND-HRA-01704,41587209
CGND-HRA-01705,41540382
CGND-HRA-01706,41311992
CGND-HRA-01707,45079412
CGND-HRA-01708,42131038
CGND-HRA-01709,43729576
CGND-HRA-01710,38031898
CGND-HRA-01711,33661013
CGND-HRA-01712,31782474
CGND-HRA-01713,42319695
CGND-HRA-01714,35217419
CGND-HRA-01715,37387559
CGND-HRA-01716,34711658
CGND-HRA-01717,38218628
CGND-HRA-01718,40813321
CGND-HRA-01719,38821664
CGND-HRA-01720,46207439
CGND-HRA-01721,41030496
CGND-HRA-01722,34738906
CGND-HRA-01723,42623412
CGND-HRA-01724,39480150
CGND-HRA-01725,36248783
CGND-HRA-01726,39956257
CGND-HRA-01727,34507786
CGND-HRA-01728,46726053
CGND-HRA-01729,36221139
CGND-HRA-01730,36060274
CGND-HRA-01731,39151875
CGND-HRA-01732,42007596
CGND-HRA-01733,35406791
CGND-HRA-01734,47648541
CGND-HRA-01735,44444401
CGND-HRA-01736,39113315
CGND-HRA-01737,45968547
CGND-HRA-01738,42932881
CGND-HRA-01739,43839142
CGND-HRA-01740,40296188
CGND-HRA-01741,39428222
CGND-HRA-01742,40151762
CGND-HRA-01743,36145744
CGND-HRA-01744,33858961
CGND-HRA-01746,41061424
CGND-HRA-01747,39998949
CGND-HRA-01748,39194936
CGND-HRA-01749,40194928
CGND-HRA-01750,42998021
CGND-HRA-01751,37175814
CGND-HRA-01752,37933918
CGND-HRA-01753,34509809
CGND-HRA-01754,37202847
CGND-HRA-01755,35800512
CGND-HRA-01756,42126066
CGND-HRA-01757,33576886
CGND-HRA-01758,27125159
CGND-HRA-01759,38200809
CGND-HRA-01760,29068318
CGND-HRA-01761,25488030
CGND-HRA-01762,31778785
CGND-HRA-01763,32075114
CGND-HRA-01764,29957281
CGND-HRA-01765,31734868
CGND-HRA-01766,29918060
CGND-HRA-01769,52408531
CGND-HRA-01770,28674763
CGND-HRA-01771,32333704
CGND-HRA-01772,27847555
CGND-HRA-01773,33952734
CGND-HRA-01774,31135887
CGND-HRA-01775,26697746
CGND-HRA-01776,30055474
CGND-HRA-01777,41418543
CGND-HRA-01778,45300706
CGND-HRA-01779,29409229
CGND-HRA-01780,27771985
CGND-HRA-01781,46421669
CGND-HRA-01782,27147753
CGND-HRA-01783,32956542
CGND-HRA-01784,28104280
CGND-HRA-01785,27013527
CGND-HRA-01786,31869107
CGND-HRA-01787,49697913
CGND-HRA-01788,30681068
CGND-HRA-01789,33256709
CGND-HRA-01790,31425503
CGND-HRA-01791,48706830
CGND-HRA-01792,33805103
CGND-HRA-01793,47376505
CGND-HRA-01794,43061755
CGND-HRA-01795,47549744
CGND-HRA-01796,38776703
CGND-HRA-01797,40420204
CGND-HRA-01798,50047812
CGND-HRA-01799,50719543
CGND-HRA-01800,31390243
CGND-HRA-01801,31881524
CGND-HRA-01802,27987428
CGND-HRA-01803,38756224
CGND-HRA-01804,27135493
CGND-HRA-01805,30467961
CGND-HRA-01806,30474639
CGND-HRA-01807,50140456
CGND-HRA-01808,28155412
CGND-HRA-01809,33927525
CGND-HRA-01810,43129766
CGND-HRA-01811,34885341
CGND-HRA-01812,35885918
CGND-HRA-01813,48566132
CGND-HRA-01814,42478958
CGND-HRA-01815,50076848
CGND-HRA-01816,21127865
CGND-HRA-01817,47713298
CGND-HRA-01818,37362454
CGND-HRA-01819,37787687
CGND-HRA-01820,44182083
CGND-HRA-01821,61952572
CGND-HRA-01822,38841029
CGND-HRA-01823,44790762
CGND-HRA-01824,38785073
CGND-HRA-01825,39788172
CGND-HRA-01826,51179936
CGND-HRA-01827,44161261
CGND-HRA-01828,37850162
CGND-HRA-01829,37658317
CGND-HRA-01830,36192436
CGND-HRA-01831,44667601
CGND-HRA-01832,43582425
CGND-HRA-01833,64844958
CGND-HRA-01834,35225198
CGND-HRA-01835,38233329
CGND-HRA-01836,38868452
CGND-HRA-01837,34225026
CGND-HRA-01838,44815211
CGND-HRA-01839,36303052
CGND-HRA-01840,56600362
CGND-HRA-01841,41492712
CGND-HRA-01842,35599259
CGND-HRA-01843,50335746
CGND-HRA-01844,48957748
CGND-HRA-01845,42789764
CGND-HRA-01846,44361375
CGND-HRA-01847,41816797
CGND-HRA-01848,35647180
CGND-HRA-01849,35701750
CGND-HRA-01850,48778512
CGND-HRA-01851,38880628
CGND-HRA-01852,47662609
CGND-HRA-01853,46028856
CGND-HRA-01854,48038163
CGND-HRA-01855,49485772
CGND-HRA-01856,47813325
CGND-HRA-01857,41581416
CGND-HRA-01858,50601075
CGND-HRA-01859,47019927
CGND-HRA-01860,62574154
CGND-HRA-01861,47075253
CGND-HRA-01862,40672481
CGND-HRA-01863,64418479
CGND-HRA-01864,42855547
CGND-HRA-01865,58775695
CGND-HRA-01866,40807575
CGND-HRA-01867,42132616
CGND-HRA-01868,54600019
CGND-HRA-01869,41637001
CGND-HRA-01870,39770491
CGND-HRA-01871,44111628
CGND-HRA-01872,44122810
CGND-HRA-01873,48183296
CGND-HRA-01874,45491596
CGND-HRA-01875,43488464
CGND-HRA-01876,56865560
CGND-HRA-01877,40233274
CGND-HRA-01878,44243623
CGND-HRA-01879,47189658
CGND-HRA-01880,43841216
CGND-HRA-01881,42954236
CGND-HRA-01882,47744843
CGND-HRA-01883,45350934
CGND-HRA-01884,51446881
CGND-HRA-01885,55059946
CGND-HRA-01886,48480239
CGND-HRA-01887,39404489
CGND-HRA-01888,62839659
CGND-HRA-01889,53027211
CGND-HRA-01890,35911226
CGND-HRA-01891,52378266
CGND-HRA-01892,50552710
CGND-HRA-01893,48371046
CGND-HRA-01894,58469930
CGND-HRA-01895,49312241
CGND-HRA-01896,52105931
CGND-HRA-01897,53899270
CGND-HRA-01898,65806935
CGND-HRA-01899,60502076
CGND-HRA-01900,52845123
CGND-HRA-01901,48184707
CGND-HRA-01902,46114239
CGND-HRA-01903,54982344
CGND-HRA-01904,49389148
CGND-HRA-01905,54443415
CGND-HRA-01906,43813250
CGND-HRA-01907,53726933
CGND-HRA-01908,41430651
CGND-HRA-01909,55899322
CGND-HRA-01910,35697829
CGND-HRA-01911,51214659
CGND-HRA-01912,40435160
CGND-HRA-01913,51243679
CGND-HRA-01914,59372535
CGND-HRA-01915,49102763
CGND-HRA-01916,56300887
CGND-HRA-01917,44489902
CGND-HRA-01918,44914369
CGND-HRA-01919,60575036
CGND-HRA-01920,43707263
CGND-HRA-01921,47961538
CGND-HRA-01922,47582733
CGND-HRA-01923,27344740
CGND-HRA-01924,34182100
CGND-HRA-01925,27682436
CGND-HRA-01926,32110610
CGND-HRA-01928,28970605
CGND-HRA-01929,37099556
CGND-HRA-01931,14118219
CGND-HRA-01932,32649045
CGND-HRA-01933,29865890
CGND-HRA-01934,39762197
CGND-HRA-01935,58057922
CGND-HRA-01936,39664010
CGND-HRA-01937,48773865
CGND-HRA-01938,36027620
CGND-HRA-01939,35934473
CGND-HRA-01940,78545606
CGND-HRA-01942,42934526
CGND-HRA-01943,40278761
CGND-HRA-01944-2,44008987
CGND-HRA-01945,30424443
CGND-HRA-01946,45511139
CGND-HRA-01947,33376859
CGND-HRA-01948,37315158
CGND-HRA-01949,41870504
CGND-HRA-01950,43916560
CGND-HRA-01951,43462663
CGND-HRA-01952,47608036
CGND-HRA-01953,47781063
CGND-HRA-01954,35452479
CGND-HRA-01955,36412074
CGND-HRA-01956,47248583
CGND-HRA-01958,41202097
CGND-HRA-01959,50252658
CGND-HRA-01960,36749422
CGND-HRA-01961,41513018
CGND-HRA-01962,35583385
CGND-HRA-01963,56069300
CGND-HRA-01964,22141333
CGND-HRA-01965,47273856
CGND-HRA-01966,41424388
CGND-HRA-01967,51994423
CGND-HRA-01968,40623344
CGND-HRA-01969,44890716
CGND-HRA-01970,44851014
CGND-HRA-01971,57296131
CGND-HRA-01972,34255095
CGND-HRA-01973,42727676
CGND-HRA-01974,55770568
CGND-HRA-01975,36286061
CGND-HRA-01976,94559895
CGND-HRA-01977,42817097
CGND-HRA-01978,37829158
CGND-HRA-01979,30627536
CGND-HRA-01980,38385928
CGND-HRA-01981,46585471
CGND-HRA-01982,42671840
CGND-HRA-01983,44620211
CGND-HRA-01984,38998042
CGND-HRA-01985,44333100
CGND-HRA-01986,47248962
CGND-HRA-01987,35655406
CGND-HRA-01988,26585163
CGND-HRA-01989,59190683
CGND-HRA-01990,45091891
CGND-HRA-01991,44317636
CGND-HRA-01992,27574794
CGND-HRA-01993,28433907
CGND-HRA-01996,31077042
CGND-HRA-01997,33022349
CGND-HRA-01998,29032549
CGND-HRA-01999,32222149
CGND-HRA-02000,30123876
CGND-HRA-02001,34687165
CGND-HRA-02003,43642290
CGND-HRA-02005,30896493
CGND-HRA-02006,32629472
CGND-HRA-02007,33331648
CGND-HRA-02008,27656079
CGND-HRA-02009,26739115
CGND-HRA-02010,30320544
CGND-HRA-02012,46873491
CGND-HRA-02016,27781195
CGND-HRA-02017,35426589
CGND-HRA-02018,32170340
CGND-HRA-02019,39915956
CGND-HRA-02020,43259110
CGND-HRA-02021,76001336
CGND-HRA-02022,30054044
CGND-HRA-02023,28286540
CGND-HRA-02024,29357610
CGND-HRA-02025,34747818
CGND-HRA-02026,28256787
CGND-HRA-02027,41507555
CGND-HRA-02028,39457970
CGND-HRA-02029,44728898
CGND-HRA-02030,35915681
CGND-HRA-02031,44500764
CGND-HRA-02032,39906746
CGND-HRA-02033,34716237
CGND-HRA-02036,43307397
CGND-HRA-02037,34641950
CGND-HRA-02038,34782340
CGND-HRA-02039,51084918
CGND-HRA-02040,28646579
CGND-HRA-02041,33620505
CGND-HRA-02042,34007000
CGND-HRA-02044,48236772
CGND-HRA-02048,46825458
CGND-HRA-02049,42028717
CGND-HRA-02051,55605994
CGND-HRA-02052,37723237
CGND-HRA-02054,40525483
CGND-HRA-02055,49974870
CGND-HRA-02056,45720134
CGND-HRA-02058,36479457
CGND-HRA-02059,52145946
CGND-HRA-02060,35851226
CGND-HRA-02063,26346376
CGND-HRA-02064,31267184
CGND-HRA-02066,41088168
CGND-HRA-02067,31255345
CGND-HRA-02068,37940063
CGND-HRA-02070,38189423
CGND-HRA-02071,46393763
CGND-HRA-02072,45004640
CGND-HRA-02073,52233684
CGND-HRA-02074,46683192
CGND-HRA-02075,32096729
CGND-HRA-02076,34484696
CGND-HRA-02077,39954539
CGND-HRA-02078,42703887
CGND-HRA-02079,68349936
CGND-HRA-02080,53328147
CGND-HRA-02081,46954641
CGND-HRA-02082,48094021
CGND-HRA-02084,44564166
CGND-HRA-02085,39381960
CGND-HRA-02090,36184351
CGND-HRA-02091,43264093
CGND-HRA-02093,48522398
CGND-HRA-02097,52645484
CGND-HRA-02100,49701927
CGND-HRA-02101,43167597
CGND-HRA-02102,52388372
CGND-HRA-02104,46611685
CGND-HRA-02105,53384712
CGND-HRA-02106,49943547
CGND-HRA-02107,40190409
CGND-HRA-02108,47965496
CGND-HRA-02114,43008869
CGND-HRA-02116,46829607
CGND-HRA-02117,45416315
CGND-HRA-02118,32440186
CGND-HRA-02119,53419803
CGND-HRA-02120,57042595
CGND-HRA-02121,38687842
CGND-HRA-02122,35785657
CGND-HRA-02123,43322161
CGND-HRA-02124,43074952
CGND-HRA-02127,48012819
CGND-HRA-02128,46899205
CGND-HRA-02132,37669657
CGND-HRA-02133,47719554
CGND-HRA-02134,47533916
CGND-HRA-02135,48436690
CGND-HRA-02136,50501646
CGND-HRA-02138,45595390
CGND-HRA-02140,37574073
CGND-HRA-02141,54158766
CGND-HRA-02142,30805949
CGND-HRA-02143,34796222
CGND-HRA-02144,33323825
CGND-HRA-02145,39574115
CGND-HRA-02146,36773677
CGND-HRA-02147,34230908
CGND-HRA-02148,36757993
CGND-HRA-02149,34610674
CGND-HRA-02150,37779243
CGND-HRA-02151,38566947
CGND-HRA-02152,35165471
CGND-HRA-02153,40014998
CGND-HRA-02154,33374277
CGND-HRA-02155,33230047
CGND-HRA-02156,37336950
CGND-HRA-02157,61566944
CGND-HRA-02158,40587127
CGND-HRA-02159,35921002
CGND-HRA-02160,39895723
CGND-HRA-02161,36136401
CGND-HRA-02162,35931964
CGND-HRA-02163,38622572
CGND-HRA-02164,37942227
CGND-HRA-02165,39830685
CGND-HRA-02166,36587657
CGND-HRA-02167,40011470
CGND-HRA-02168,42404957
CGND-HRA-02169,43817842
CGND-HRA-02170,38040983
CGND-HRA-02171,35668743
CGND-HRA-02172,42900782
CGND-HRA-02173,34839477
CGND-HRA-02174,32769048
CGND-HRA-02175,37956098
CGND-HRA-02176,37017107
CGND-HRA-02177,39136113
CGND-HRA-02178,39821312
CGND-HRA-02179,41616823
CGND-HRA-02180,49639266
CGND-HRA-02181,30364102
CGND-HRA-02182,82913326
CGND-HRA-02183,73187516
CGND-HRA-02184,44060168
CGND-HRA-02185,37874947
CGND-HRA-02186,41089144
CGND-HRA-02187,48083097
CGND-HRA-02188,76740766
CGND-HRA-02189,31708746
CGND-HRA-02190,30978527
CGND-HRA-02192,168930585
CGND-HRA-02193,40251949
CGND-HRA-02194,47878063
CGND-HRA-02195,34834274
CGND-HRA-02196,23445012
CGND-HRA-02197,32130443
CGND-HRA-02198,40806707
CGND-HRA-02199,66608813
CGND-HRA-02200,25785767
CGND-HRA-02201,35800083
CGND-HRA-02202,32244880
CGND-HRA-02203,25864356
CGND-HRA-02204,28833691
CGND-HRA-02205,40365075
CGND-HRA-02206,31082376
CGND-HRA-02207,30104299
CGND-HRA-02208,31414266
CGND-HRA-02209,33251691
CGND-HRA-02210,31954976
CGND-HRA-02211,32246675
CGND-HRA-02212,25501034
CGND-HRA-02213,29350456
CGND-HRA-02214,21674866
CGND-HRA-02215,34294867
CGND-HRA-02216,37362536
CGND-HRA-02217,44284708
CGND-HRA-02218,35397466
CGND-HRA-02219,39307030
CGND-HRA-02220,28012974
CGND-HRA-02221,32633161
CGND-HRA-02222,44998610
CGND-HRA-02223,43471536
CGND-HRA-02224,32630923
CGND-HRA-02225,34506196
CGND-HRA-02226-2,46452867
CGND-HRA-02227,34019338
CGND-HRA-02228,38088556
CGND-HRA-02229,40437724
CGND-HRA-02230,48285497
CGND-HRA-02231,34616632
CGND-HRA-02232,43927292
CGND-HRA-02233,45133838
CGND-HRA-02234,34295921
CGND-HRA-02235,48159591
CGND-HRA-02236,38138604
CGND-HRA-02237,45706663
CGND-HRA-02238,35994076
CGND-HRA-02239,29841748
CGND-HRA-02240,42967061
CGND-HRA-02241,37753471
CGND-HRA-02242,36736794
CGND-HRA-02243,37482896
CGND-HRA-02244,39904254
CGND-HRA-02245,35853745
CGND-HRA-02246,35143912
CGND-HRA-02247,36089663
CGND-HRA-02248,37815800
CGND-HRA-02249,31294913
CGND-HRA-02250,40067381
CGND-HRA-02251,43461453
CGND-HRA-02252,36914703
CGND-HRA-02253,34404511
CGND-HRA-02254,36386369
CGND-HRA-02255,40794544
CGND-HRA-02256,39133271
CGND-HRA-02258,40808198
CGND-HRA-02262-2,45397541
CGND-HRA-02263-2,45099796
CGND-HRA-02264-2,33075917
CGND-HRA-02266,45035523
CGND-HRA-02267,39775462
CGND-HRA-02268-2,53448918
CGND-HRA-02269,44057860
CGND-HRA-02270,33992904
CGND-HRA-02271,41621590
CGND-HRA-02272,46196836
CGND-HRA-02273,46367851
CGND-HRA-02274,36753232
CGND-HRA-02275,58317333
CGND-HRA-02276,40148941
CGND-HRA-02277,37799142
CGND-HRA-02278,41652213
CGND-HRA-02283,44070164
CGND-HRA-02284,43393094
CGND-HRA-02285,42117830
CGND-HRA-02286,39329649
CGND-HRA-02287,44239669
CGND-HRA-02288,46278161
CGND-HRA-02289,36470424
CGND-HRA-02290,37312803
CGND-HRA-02291,38658376
CGND-HRA-02292,44512107
CGND-HRA-02293,58548168
CGND-HRA-02294-2,36730308
CGND-HRA-02295,36290945
CGND-HRA-02296,36333131
CGND-HRA-02297,39853628
CGND-HRA-02298,37554864
CGND-HRA-02299,48306011
CGND-HRA-02300,42539781
CGND-HRA-02301,46448039
CGND-HRA-02302,34349535
CGND-HRA-02307,41807042
CGND-HRA-02308,39136355
CGND-HRA-02309,38441347
CGND-HRA-02310,42761114
CGND-HRA-02311,42240071
CGND-HRA-02312,43561927
CGND-HRA-02316,40385180
CGND-HRA-02317,46637339
CGND-HRA-02318,50338030
CGND-HRA-02319,42148691
CGND-HRA-02320,41970331
CGND-HRA-02321,40607995
CGND-HRA-02322,42017982
CGND-HRA-02323,39046237
CGND-HRA-02324,54564106
CGND-HRA-02325,39092586
CGND-HRA-02326,38274105
CGND-HRA-02327,37221062
CGND-HRA-02328,42113815
CGND-HRA-02329,42508023
CGND-HRA-02331,36915418
CGND-HRA-02332,44147646
CGND-HRA-02333,42844679
CGND-HRA-02335,36789127
CGND-HRA-02336,50264431
CGND-HRA-02337,41855549
CGND-HRA-02338,38975014
CGND-HRA-02339,49882615
CGND-HRA-02340,40782992
CGND-HRA-02341,40921493
CGND-HRA-02342,38377677
CGND-HRA-02343,38244592
CGND-HRA-02344,35972910
CGND-HRA-02345,34527112
CGND-HRA-02346,44458486
CGND-HRA-02347,46731425
CGND-HRA-02348,40597309
CGND-HRA-02349,38698773
CGND-HRA-02350,50227068
CGND-HRA-02351,40428118
CGND-HRA-02352,38184856
CGND-HRA-02353,40606936
CGND-HRA-02354,40394946
CGND-HRA-02355,42864832
CGND-HRA-02356,48161276
CGND-HRA-02357,35716848
CGND-HRA-02358,41671243
CGND-HRA-02359,48699307
CGND-HRA-02361,43604355
CGND-HRA-02364,32458953
CGND-HRA-02367,43508473
CGND-HRA-02368,37791844
CGND-HRA-02369,48282779
CGND-HRA-02370,36980864
CGND-HRA-02371,35457566
CGND-HRA-02373,36467983
CGND-HRA-02376,34766463
CGND-HRA-02377,40115056
CGND-HRA-02381,37625918
CGND-HRA-02382,36105076
CGND-HRA-02385,50840598
CGND-HRA-02386,38032039
CGND-HRA-02389,39712162
CGND-HRA-02390,37435956
CGND-HRA-02392,46999703
CGND-HRA-02393,34696437
CGND-HRA-02394,36748347
CGND-HRA-02396,59548498
CGND-HRA-02398,33987963
CGND-HRA-02399,52352346
CGND-HRA-02401,55020404
CGND-HRA-02402,52300504
CGND-HRA-02403,56235398
CGND-HRA-02404,42759544
CGND-HRA-02405,38836440
CGND-HRA-02406,36824430
CGND-HRA-02407,64249266
CGND-HRA-02409,49809320
CGND-HRA-02410,48799953
CGND-HRA-02411,38512851
CGND-HRA-02412,39059513
CGND-HRA-02413,53048339
CGND-HRA-02415,48078838
CGND-HRA-02416,52842615
CGND-HRA-02417,40515362
CGND-HRA-02418,43820217
CGND-HRA-02419,53750527
CGND-HRA-02421,48466037
CGND-HRA-02422,32584215
CGND-HRA-02423,38092571
CGND-HRA-02424,32921004
CGND-HRA-02425,39021680
CGND-HRA-02427,37465737
CGND-HRA-02428,39799958
CGND-HRA-02429,37875102
CGND-HRA-02430,34239950
CGND-HRA-02431,36981295
CGND-HRA-02432,31221703
CGND-HRA-02433,42823003
CGND-HRA-02434,36781654
CGND-HRA-02435,40340403
CGND-HRA-02436,39873596
CGND-HRA-02437,35739587
CGND-HRA-02438,42255669
CGND-HRA-02439,35297503
CGND-HRA-02440,49435127
CGND-HRA-02441,35239535
CGND-HRA-02442,44802204
CGND-HRA-02443,34091020
CGND-HRA-02444,32962909
CGND-HRA-02445,34627344
CGND-HRA-02446,37331758
CGND-HRA-02447,35185862
CGND-HRA-02448,38537140
CGND-HRA-02449,32742902
CGND-HRA-02450,43851157
CGND-HRA-02451,38507032
CGND-HRA-02452,39408335
CGND-HRA-02453,41414048
CGND-HRA-02454,41842177
CGND-HRA-02455,31130450
CGND-HRA-02456,36106643
CGND-HRA-02457,54563344
CGND-HRA-02458,48317839
CGND-HRA-02459,45086869
CGND-HRA-02460,43237763
CGND-HRA-02461,59350336
CGND-HRA-02462,58465538
CGND-HRA-02463,54278473
CGND-HRA-02464,54177695
CGND-HRA-02465,36998828
CGND-HRA-02466,39344028
CGND-HRA-02467,37354172
CGND-HRA-02468,50464476
CGND-HRA-02469,49282817
CGND-HRA-02470,52353893
CGND-HRA-02471,40251917
CGND-HRA-02472,35372517
CGND-HRA-02473,38896735
CGND-HRA-02474,51592930
CGND-HRA-02475,41876561
CGND-HRA-02476,45013024
CGND-HRA-02477,42979851
CGND-HRA-02479,40389818
CGND-HRA-02480,34529422
CGND-HRA-02482,35367399
CGND-HRA-02483,39107465
CGND-HRA-02484,32712040
CGND-HRA-02485,36408947
CGND-HRA-02486,37979598
CGND-HRA-02487,41127879
CGND-HRA-02488,38491346
CGND-HRA-02489,32765391
CGND-HRA-02490,35874657
CGND-HRA-02491,39489724
CGND-HRA-02492,37886354
CGND-HRA-02493-2,50936451
CGND-HRA-02494,32893973
CGND-HRA-02495,35275951
CGND-HRA-02496,37860978
CGND-HRA-02497,40892041
CGND-HRA-02498,36669922
CGND-HRA-02499,35409028
CGND-HRA-02500,34964171
CGND-HRA-02501,40718509
CGND-HRA-02502,42565547
CGND-HRA-02503,39110312
CGND-HRA-02504,36527039
CGND-HRA-02505,38371655
CGND-HRA-02506,34620729
CGND-HRA-02507-2,58414945
CGND-HRA-02508,37306290
CGND-HRA-02509,43669460
CGND-HRA-02510,46887973
CGND-HRA-02511,38593502
CGND-HRA-02512,45692699
CGND-HRA-02513,42024602
CGND-HRA-02514,35442507
CGND-HRA-02515,42608422
CGND-HRA-02518,41099019
CGND-HRA-02520,44049443
CGND-HRA-02521-2,32175159
CGND-HRA-02522,52796915
CGND-HRA-02523,37370632
CGND-HRA-02524,59908879
CGND-HRA-02526,51566410
CGND-HRA-02529,42690397
CGND-HRA-02530,31634124
CGND-HRA-02531,44631776
CGND-HRA-02532,42287987
CGND-HRA-02533,49238366
CGND-HRA-02534,48874270
CGND-HRA-02535,46137623
CGND-HRA-02536,49449345
CGND-HRA-02537,42174865
CGND-HRA-02538,45766315
CGND-HRA-02539,48892311
CGND-HRA-02540,55845808
CGND-HRA-02541,41117601
CGND-HRA-02542,45220855
CGND-HRA-02543,43206167
CGND-HRA-02544,41042270
CGND-HRA-02545,34752873
CGND-HRA-02546,40712897
CGND-HRA-02547,39397780
CGND-HRA-02550,41653990
CGND-HRA-02551,50068228
CGND-HRA-02552,38871833
CGND-HRA-02553,35249236
CGND-HRA-02554,47042246
CGND-HRA-02555,45057486
CGND-HRA-02556,40190649
CGND-HRA-02557,41858752
CGND-HRA-02558,38925885
CGND-HRA-02559,36400058
CGND-HRA-02560,40685179
CGND-HRA-02561,36677104
CGND-HRA-02562,33995792
CGND-HRA-02563,31493171
CGND-HRA-02564,42102919
CGND-HRA-02565,41417406
CGND-HRA-02566,42663232
CGND-HRA-02567,44074183
CGND-HRA-02568,40834687
CGND-HRA-02569,44639617
CGND-HRA-02570,39240297
CGND-HRA-02571,49207360
CGND-HRA-02572,30350387
CGND-HRA-02573,41546206
CGND-HRA-02574,41942204
CGND-HRA-02575,39440976
CGND-HRA-02576,37587576
CGND-HRA-02577,41921827
CGND-HRA-02578,41086127
CGND-HRA-02579,42122713
CGND-HRA-02580,49590661
CGND-HRA-02581,39972231
CGND-HRA-02582,38183097
CGND-HRA-02583,40460232
CGND-HRA-02584,41699467
CGND-HRA-02585,37735071
CGND-HRA-02586,41550498
CGND-HRA-02587,31390273
CGND-HRA-02588,36408034
CGND-HRA-02589,41712634
CGND-HRA-02590,36366638
CGND-HRA-02591,41054153
CGND-HRA-02592,40275890
CGND-HRA-02593,39175173
CGND-HRA-02594,40472806
CGND-HRA-02595,42034034
CGND-HRA-02596,40413629
CGND-HRA-02597,41162265
CGND-HRA-02598,36899320
CGND-HRA-02599,38311642
CGND-HRA-02600,47352897
CGND-HRA-02601,47121401
CGND-HRA-02602,41748648
CGND-HRA-02603,45478954
CGND-HRA-02604,46509927
CGND-HRA-02605,50529359
CGND-HRA-02606,35322315
CGND-HRA-02607,40839927
CGND-HRA-02608,41434467
CGND-HRA-02609,44309058
CGND-HRA-02610,39537526
CGND-HRA-02611,39396153
CGND-HRA-02617,36530107
CGND-HRA-02618,41349320
CGND-HRA-02619,41981824
CGND-HRA-02620,33436516
CGND-HRA-02621,39008451
CGND-HRA-02622,30441002
CGND-HRA-02623-2,43690462
CGND-HRA-02624-2,40523022
CGND-HRA-02627,39650613
CGND-HRA-02628,38746648
CGND-HRA-02629,39656713
CGND-HRA-02630,36723996
CGND-HRA-02631,43923829
CGND-HRA-02632,33215028
CGND-HRA-02634,45163872
CGND-HRA-02635,56296124
CGND-HRA-02636,39549376
CGND-HRA-02642,51164598
CGND-HRA-02644,28585468
CGND-HRA-02645,39356760
CGND-HRA-02646,45572368
CGND-HRA-02675,41043488
CGND-HRA-02676,41213874
CGND-HRA-02677,39541458
CGND-HRA-02678,43311687
CGND-HRA-02679,45490093
CGND-HRA-02680,40690137
CGND-HRA-02681,37186392
CGND-HRA-02682,38249601
CGND-HRA-02683,43806385
CGND-HRA-02684,39406840
CGND-HRA-02685,41051153
CGND-HRA-02686,37175079
CGND-HRA-02687-2,47302642
CGND-HRA-02688,54590314
CGND-HRA-02689,38054563
CGND-HRA-02690-2,44579009
CGND-HRA-02691,40392042
CGND-HRA-02692,40973637
CGND-HRA-02693,48375525
CGND-HRA-02694,44922379
CGND-HRA-02695,40371802
CGND-HRA-02696,42546709
CGND-HRA-02697,39952804
CGND-HRA-02698,42701166
CGND-HRA-02699,39457284
CGND-HRA-02700,41164512
CGND-HRA-02701,52620441
CGND-HRA-02702,35797686
CGND-HRA-02703,39811772
CGND-HRA-02704,41151444
CGND-HRA-02705,43574283
CGND-HRA-02706,37483771
CGND-HRA-02707,43230413
CGND-HRA-02708,38749113
CGND-HRA-02709,45536697
CGND-HRA-02710,42978746
CGND-HRA-02711,47461164
CGND-HRA-02712,37992940
CGND-HRA-02713,43812650
CGND-HRA-02714,36294192
CGND-HRA-02715,48570797
CGND-HRA-02716,41164415
CGND-HRA-02717,43944872
CGND-HRA-02718,43943180
CGND-HRA-02719,38192357
CGND-HRA-02720,41829913
CGND-HRA-02721,38130381
CGND-HRA-02722,38964471
CGND-HRA-02723,36798373
CGND-HRA-02724,43862721
CGND-HRA-02725-2,33898422
CGND-HRA-02726,38318400
CGND-HRA-02727,41759943
CGND-HRA-02733,41195423
CGND-HRA-02734,48227961
CGND-HRA-02735,37624001
CGND-HRA-02736,40054956
CGND-HRA-02737,44934436
CGND-HRA-02738,37740544
CGND-HRA-02739,43906899
CGND-HRA-02740,40490150
CGND-HRA-02741,49115157
CGND-HRA-02742,45604430
CGND-HRA-02744,38154033
CGND-HRA-02745,40500734
CGND-HRA-02746,34929824
CGND-HRA-02747,43549463
CGND-HRA-02748,31104094
CGND-HRA-02749,40531692
CGND-HRA-02750,43578201
CGND-HRA-02751,45047113
CGND-HRA-02752,49853562
CGND-HRA-02753,46963285
CGND-HRA-02754,42015292
CGND-HRA-02755,43409605
CGND-HRA-02756,39691405
CGND-HRA-02757,45440665
CGND-HRA-02758,51320698
CGND-HRA-02759,51201036
CGND-HRA-02760,41828553
CGND-HRA-02761,45067675
CGND-HRA-02762,36122872
CGND-HRA-02763,40621266
CGND-HRA-02764,32933042
CGND-HRA-02765,40888723
CGND-HRA-02766,50598294
CGND-HRA-02792,40858882
CGND-HRA-02793,52144147
CGND-HRA-02794,48731106
CGND-HRA-02795,39216716
CGND-HRA-02796,38410223
CGND-HRA-02797,49398334
CGND-HRA-02798,43487368
CGND-HRA-02799,34581310
CGND-HRA-02800,40062012
CGND-HRA-02801,38876389
CGND-HRA-02802,37871898
CGND-HRA-02803,38783073
CGND-HRA-02804,46881531
CGND-HRA-02805,42460904
CGND-HRA-02806,44983033
CGND-HRA-02808,46608255
CGND-HRA-02809,41582115
CGND-HRA-02810,37121887
CGND-HRA-02811,53938062
CGND-HRA-02812,40398723
CGND-HRA-02813,40050514
CGND-HRA-02814,35859627
CGND-HRA-02815,54103262
CGND-HRA-02816,39641952
CGND-HRA-02817,38473396
CGND-HRA-02818,48167378
CGND-HRA-02819,45839215
CGND-HRA-02820,36803068
CGND-HRA-02821,43907810
CGND-HRA-02822,45856830
CGND-HRA-02823,44044403
CGND-HRA-02824,33981134
CGND-HRA-02825,47282635
CGND-HRA-02826,37579002
CGND-HRA-02827,40122352
CGND-HRA-02828,51216962
CGND-HRA-02829,41988980
CGND-HRA-02830,41689207
CGND-HRA-02831,37955513
CGND-HRA-02832,47184441
CGND-HRA-02833,38654389
CGND-HRA-02834,66189861
CGND-HRA-02835,33087214
CGND-HRA-02836,37344027
CGND-HRA-02837,49602627
CGND-HRA-02838,40391197
CGND-HRA-02839,47774691
CGND-HRA-02840,43123212
CGND-HRA-02841,46337985
CGND-HRA-02842,40985461
CGND-HRA-02843,47875223
CGND-HRA-02844,57700642
CGND-HRA-02845,53587216
CGND-HRA-02846,56340583
CGND-HRA-02847,36871073
CGND-HRA-02848,48143239
CGND-HRA-02849,51720961
CGND-HRA-02850,39519215
CGND-HRA-02851,40043453
CGND-HRA-02852,42760361
CGND-HRA-02853,53678561
CGND-HRA-02854,38898591
CGND-HRA-02855,42506490
CGND-HRA-02856,45884153
CGND-HRA-02857,40348230
CGND-HRA-02858,52961931
CGND-HRA-02859,45021643
CGND-HRA-02860,48750523
CGND-HRA-02861,50294147
CGND-HRA-02862,60438681
CGND-HRA-02863,46106092
CGND-HRA-02864,37760059
CGND-HRA-02865,48703416
CGND-HRA-02866,47547186
CGND-HRA-02868,49672373
CGND-HRA-02869,37907347
CGND-HRA-02870,40955331
CGND-HRA-02871,39651244
CGND-HRA-02872,44452865
CGND-HRA-02873,54201453
CGND-HRA-02874,38849054
CGND-HRA-02875,49781899
CGND-HRA-02876,56223546
CGND-HRA-02877,37984587
CGND-HRA-02878,44859229
CGND-HRA-02879,60489194
CGND-HRA-02880,40293625
CGND-HRA-02881,47835540
CGND-HRA-02882,55909601
CGND-HRA-02883,49138036
CGND-HRA-02884,46635728
CGND-HRA-02885,47940517
CGND-HRA-02886,34532872
CGND-HRA-02887,48829180
CGND-HRA-02889,46680566
CGND-HRA-02891,43033252
CGND-HRA-02892,49223178
CGND-HRA-02893,35567388
CGND-HRA-02894,45604769
CGND-HRA-02895,37446764
CGND-HRA-02896,38981786
CGND-HRA-02898,50803829
CGND-HRA-02900,51317917
CGND-HRA-02901,33444319
CGND-HRA-02902,43015270
CGND-HRA-02905,43046522
CGND-HRA-02906,38744407
CGND-HRA-02907,45784490
CGND-HRA-02908,51754113
CGND-HRA-02909,57007082
CGND-HRA-02910,37469451
CGND-HRA-02912,35809290
CGND-HRA-02913,45253107
CGND-HRA-02914,46057485
CGND-HRA-02915,41075839
CGND-HRA-02919,29652891
CGND-HRA-02921,28097951
CGND-HRA-02922,30629625
CGND-HRA-02923,36519152
CGND-HRA-02924,37031362
CGND-HRA-02925,28044077
CGND-HRA-02926,32747856
CGND-HRA-02927,30977666
CGND-HRA-02928,33203673
CGND-HRA-02929,33042932
CGND-HRA-02930,35129226
CGND-HRA-02931,33590294
CGND-HRA-02932,36595739
CGND-HRA-02933,27145217
CGND-HRA-02934,31837553
CGND-HRA-02935,29652695
CGND-HRA-02936,33118921
CGND-HRA-02937,27964845
CGND-HRA-02939,37174177
CGND-HRA-02940,30829628
CGND-HRA-02941,46097634
CGND-HRA-02942,33941753
CGND-HRA-02943,36028885
CGND-HRA-02944,26745270
CGND-HRA-02945,33622345
CGND-HRA-02946,40064994
CGND-HRA-02947,34105343
CGND-HRA-02948,28542061
CGND-HRA-02949,34852307
CGND-HRA-02951,25768896
CGND-HRA-02952,29924814
CGND-HRA-02953,32236043
CGND-HRA-02954,27322421
CGND-HRA-02955,40745329
CGND-HRA-02956,45549256
CGND-HRA-02957,32049999
CGND-HRA-02958,31463804
CGND-HRA-02959,40962235
CGND-HRA-02960,39440144
CGND-HRA-02961,29888693
CGND-HRA-02962,22812205
CGND-HRA-02963,31753799
CGND-HRA-02964,27139453
CGND-HRA-02965,39693480
CGND-HRA-02967,32136605
CGND-HRA-02968,37833836
CGND-HRA-02969,36345723
CGND-HRA-02971,23366391
CGND-HRA-02972,15626880
CGND-HRA-02974,30675899
CGND-HRA-02976,33384969
CGND-HRA-02977,42242282
CGND-HRA-02978,45334213
CGND-HRA-02980,33392116
CGND-HRA-02981,34002297
CGND-HRA-02982,31875885
CGND-HRA-02983,25783940
CGND-HRA-02984,36431296
CGND-HRA-02985,32371252
CGND-HRA-02986,37172492
CGND-HRA-02987,38989547
CGND-HRA-02988,33262689
CGND-HRA-02989,32550799
CGND-HRA-02990,31871875
CGND-HRA-02991,29842591
CGND-HRA-02994,35224349
CGND-HRA-02996,40708535
CGND-HRA-02997,27096437
CGND-HRA-02998,30485096
CGND-HRA-03000,30115288
CGND-HRA-03001,31486508
CGND-HRA-03002,38224097
CGND-HRA-03003,42427301
CGND-HRA-03004,34731767
CGND-HRA-03005,42318970
CGND-HRA-03006,34912041
CGND-HRA-03007,31429661
CGND-HRA-03008,36106943
CGND-HRA-03009,38699254
CGND-HRA-03010,38517748
CGND-HRA-03011,37947803
CGND-HRA-03012,33391784
CGND-HRA-03013,37181049
CGND-HRA-03014,36046102
CGND-HRA-03015,34850293
CGND-HRA-03016,41547948
CGND-HRA-03017,36690259
CGND-HRA-03018,36296410
CGND-HRA-03019,37687377
CGND-HRA-03020,38976873
CGND-HRA-03021,35191897
CGND-HRA-03022,40794482
CGND-HRA-03023,35830983
CGND-HRA-03024,34030869
CGND-HRA-03025,26490049
CGND-HRA-03026,38454757
CGND-HRA-03027,33588993
CGND-HRA-03028,39093149
CGND-HRA-03029,40410004
CGND-HRA-03030,35470791
CGND-HRA-03031,54480412
CGND-HRA-03032,34210978
CGND-HRA-03033,41945196
CGND-HRA-03034,30689689
CGND-HRA-03035,40077082
CGND-HRA-03036,37937231
CGND-HRA-03037,45046655
CGND-HRA-03038,40651684
CGND-HRA-03039,36642088
CGND-HRA-03040,36923025
CGND-HRA-03041,42173149
CGND-HRA-03042,34684743
CGND-HRA-03043,36388860
CGND-HRA-03044,27073251
CGND-HRA-03045,39505718
CGND-HRA-03046,37370099
CGND-HRA-03047,46971689
CGND-HRA-03048,33370999
CGND-HRA-03049,36552367
CGND-HRA-03050,33584134
CGND-HRA-03051,43225468
CGND-HRA-03052,27684154
CGND-HRA-03053,40230876
CGND-HRA-03054,36421308
CGND-HRA-03055,40624992
CGND-HRA-03057,42793530
CGND-HRA-03058,38294284
CGND-HRA-03059,46079114
CGND-HRA-03060,30804819
CGND-HRA-03061,37083170
CGND-HRA-03062,33521302
CGND-HRA-03063,49276972
CGND-HRA-03064,34739704
CGND-HRA-03065,36798673
CGND-HRA-03066,40729463
CGND-HRA-03067,35631185
CGND-HRA-03068,42282664
CGND-HRA-03069,37219832
CGND-HRA-03070,40165135
CGND-HRA-03072,38779296
CGND-HRA-03073,38349771
CGND-HRA-03074,35655158
CGND-HRA-03075,42505455
CGND-HRA-03076,35728882
CGND-HRA-03107,33601102
CGND-HRA-03109,43766281
CGND-HRA-03113,38178784
CGND-HRA-03114,41848401
CGND-HRA-03115,40164422
CGND-HRA-03116,44085314
CGND-HRA-03117,47996238
CGND-HRA-03122,36122590
CGND-HRA-03130,39891143
CGND-HRA-03135,33728199
CGND-HRA-03136,38966861
CGND-HRA-03139,45943129
CGND-HRA-03140,35749601
CGND-HRA-1767-1,39277901
CGND-HRA-1927-1,35753295
CGND-HRA-1930-1,39952219
CGND-HRA-1941-1,46857788
CGND-HRA-1957-1,40622805
EC03-v2-2-grch38,29318852
EC08-v2-2-grch38,42388317
EC09-v2-2-grch38,29282304
EC10-v2-2-grch38,41532684
EC11-v2-2-grch38,30524893
EC13-v2-2-grch38,36631223
EC16-v2-2-grch38,29533876
EC19-v2-2-grch38,31352343
EC21-v2-2-grch38,30145502
EC22-internal-k-v2-2-grch38,29953685
EC24-v2-2-grch38,34889223
EC34-internal-k-v2-2-grch38,35000373
EC40-v2-2-grch38,31998665
EC42-C9-v2-2-grch38,39899626
EC43-v2-2-grch38,42811120
EC47-v2-2-grch38,36987020
EC48-v2-2-grch38,37792705
EC49-v2-2-grch38,45524805
EC50-v2-2-grch38,20146607
EC51-v2-2-grch38,22788261
CGND-HRA-00013-v2-2-grch38,49960790
CGND-HRA-00015-v2-2-grch38,39252028
CGND-HRA-00017-v2-2-grch38,44468192
CGND-HRA-00018-v2-2-grch38,24553330
CGND-HRA-00019-v2-2-grch38,38972469
CGND-HRA-00022-v2-2-grch38,42560934
CGND-HRA-00027-v2-2-grch38,43913383
CGND-HRA-00028-v2-2-grch38,44763542
CGND-HRA-00029-v2-2-grch38,46918362
CGND-HRA-00031-v2-2-grch38,27369474
CGND-HRA-00032-v2-2-grch38,41428831
CGND-HRA-00034-v2-2-grch38,56307804
CGND-HRA-00036-v2-2-grch38,45707707
CGND-HRA-00041-v2-2-grch38,54726770
CGND-HRA-00042-v2-2-grch38,34201957
CGND-HRA-00043-v2-2-grch38,42483526
CGND-HRA-00045-v2-2-grch38,33179905
CGND-HRA-00046-v2-2-grch38,60572309
CGND-HRA-00047-v2-2-grch38,61953808
CGND-HRA-00048-v2-2-grch38,51135375
CGND-HRA-00050-v2-2-grch38,36571680
CGND-HRA-00055-v2-2-grch38,58183701
CGND-HRA-01288-2-v2-2-grch38,41945863
CGND-HRA-03001,31486508
CGND-HRA-03002,38224097
CGND-HRA-03003,42427301
CGND-HRA-03135,33728199
CGND-HRA-03136,38966861
