new_cate,gene,cryptic_start,cryptic_end,seqnames,annotated_start,annotated_end,junc_cat,cryptic,strand,ID_exon,novel_end,end,score,type
Intermediate,AARS1,70272882,70276486,chr16,70271972,70276486,acceptor,yes,-,1,70272882,70272882,0.105899997055531,acceptor
Intermediate,AARS1,70271972,70272796,chr16,70271972,70276486,donor,yes,-,1,70272796,70272796,-0.285400003194809,donor
Intermediate,ABCA2,137023840,137024143,chr9,137023052,137024143,acceptor,no,-,2,137023840,137023840,0.339100003242493,acceptor
Late,ABCD1,153740237,153740305,chrX,153740237,153740574,acceptor,yes,+,3,153740305,153740305,0.0071000000461936,acceptor
Late,ABCD1,153740439,153740574,chrX,153740237,153740574,donor,yes,+,3,153740439,153740439,-0.0258000008761883,donor
Early,ABI1,26755741,26759062,chr10,26751783,26759062,acceptor,no,-,4,26755741,26755741,0.295700013637543,acceptor
Early,ABI1,26751783,26755655,chr10,26751783,26759062,donor,no,-,4,26755655,26755655,-0.361900001764298,donor
Late,ABI2,203380384,203382189,chr2,203380384,203391046,acceptor,no,+,5,203382189,203382189,0.500199973583221,acceptor
Late,ABI2,203382206,203391046,chr2,203380384,203391046,donor,no,+,5,203382206,203382206,-0.630999982357025,donor
Early,ABR,1073677,1079330,chr17,1073677,1079330,exon_skip,no,-,6,,,,
Early,ACAD10,111690553,111691059,chr12,111686239,111692696,acceptor,yes,+,7,111691059,111691059,0.0500000007450581,acceptor
Late,ACAP2,195320813,195325444,chr3,195320813,195326885,donor,no,-,8,195325444,195325444,-0.0207000002264977,donor
Early,ACOT11,54599415,54600963,chr1,54599415,54601269,acceptor,yes,+,9,54600963,54600963,0.848699986934662,acceptor
Late,ACOT9,23734367,23735919,chrX,23733217,23735919,acceptor,no,-,10,23734367,23734367,0.000899999984540045,acceptor
Late,ACOT9,23733217,23734341,chrX,23733217,23735919,donor,no,-,10,23734341,23734341,-0.000199999994947575,donor
Early,ACSF2,50461686,50461820,chr17,50461686,50462184,acceptor,yes,+,11,50461820,50461820,0.3783999979496,acceptor
Early,ACSF2,50461885,50462184,chr17,50461686,50462184,donor,yes,+,11,50461885,50461885,-0.205300003290176,donor
Early,ACTL6B,100650643,100655019,chr7,100650135,100655019,acceptor,yes,-,12,100650643,100650643,0.00430000014603138,acceptor
Early,ACTL6B,100650135,100650575,chr7,100650135,100655019,donor,yes,-,12,100650575,100650575,-0.0143999997526407,donor
Late,ACTN4,38710342,38714469,chr19,38710342,38714469,exon_skip,no,+,13,,,,
Early,ACVR1B,51960187,51975265,chr12,51951834,51975265,donor,yes,+,14,51960187,51960187,-0.113499999046326,donor
Early,ADCY1,45622743,45625299,chr7,45622743,45648670,acceptor,yes,+,16,45625299,45625299,0.0830999985337257,acceptor
Early,ADCY1,45625377,45648670,chr7,45622743,45648670,donor,yes,+,16,45625377,45625377,-0.0159000009298325,donor
Early,ADCY1,45625430,45648670,chr7,45622743,45648670,donor,yes,+,16,45625430,45625430,-0.00240000011399388,donor
Early,ADCY7,50246203,50246881,chr16,50246203,50287912,acceptor,yes,+,17,50246881,,,
Early,ADCY7,50247109,50287912,chr16,50246203,50287912,donor,no,+,17,50247109,,,
Intermediate,ADCYAP1R1,31100210,31103237,chr7,31092735,31103237,donor,no,+,19,31100210,31100210,-0.566500008106232,donor
Early,ADCYAP1R1,31078098,31084141,chr7,31078098,31084141,exon_skip,no,+,18,,,,
Late,ADGRB2,31728081,31728182,chr1,31727605,31728182,acceptor,no,-,20,31728081,31728081,0.884999990463257,acceptor
Late,ADGRB2,31727605,31728025,chr1,31727605,31728182,donor,no,-,20,31728025,31728025,-0.902800023555756,donor
Early,ADGRB3,69076038,69233290,chr6,69076038,69233289,donor,no,+,21,69076038,69076038,-0.764999985694885,donor
Late,ADGRL2,81952142,81952987,chr1,81952142,81955877,acceptor,no,+,23,81952987,81952987,0.823899984359741,acceptor
Late,ADGRL2,81942045,81942969,chr1,81936837,81942969,donor,no,+,22,81942045,81942045,-0.707899987697601,donor
Late,ADGRL2,81953025,81955877,chr1,81952142,81955877,donor,no,+,23,81953025,81953025,-0.752300024032593,donor
Early,AGFG2,100555735,100556594,chr7,100555735,100562259,acceptor,yes,+,24,100556594,100556594,0.67849999666214,acceptor
Early,AGPAT4,161153499,161166248,chr6,161153499,161166248,exon_skip,yes,-,25,,,,
Early,AGRN,1044440,1044887,chr1,1044439,1045161,acceptor,yes,+,26,1044887,1044887,9.99999974737875e-05,acceptor
Early,AGRN,1044439,1044892,chr1,1044439,1045161,acceptor,yes,+,469,1044892,1044892,0.0982000008225441,acceptor
Early,AGRN,1044987,1045161,chr1,1044439,1045161,donor,yes,+,27,1044987,1044987,-0.611500024795532,donor
Early,AGRN,1044988,1045160,chr1,1044439,1045161,donor,yes,+,469,1044988,1044988,0,n_s_called
Intermediate,AKAP13,85496974,85521428,chr15,85485753,85521428,donor,no,+,29,85496974,85496974,-0.0135000003501773,donor
Late,AKT3,243523467,243545510,chr1,243512426,243545510,acceptor,yes,-,30,243523467,243523467,0.030799999833107,acceptor
Late,AKT3,243512426,243523309,chr1,243512426,243545510,donor,yes,-,30,243523309,243523309,-0.0299999993294477,donor
Early,ALX1,85286981,85295668,chr12,85286981,85301155,acceptor,yes,+,31,85295668,85295668,0.212899997830391,acceptor
Early,AMZ2P1,64974641,64975560,chr17,64974641,64975560,exon_skip,yes,-,32,,,,
Early,ANK2,113149205,113151080,chr4,113049812,113151080,donor,yes,+,33,113149205,113149205,-0.282999992370605,donor
Late,ANKRD36B,97549614,97551289,chr2,97549614,97551289,exon_skip,no,-,34,,,,
Early,ANKRD36C,95908697,95910373,chr2,95904952,95910372,acceptor,no,-,36,95908697,95908697,0.574400007724762,acceptor
Intermediate,ANKRD9,102508549,102508641,chr14,102508549,102509529,donor,no,-,37,102508641,102508641,-0.696399986743927,donor
Early,AP1G1,71808150,71808505,chr16,71789482,71808505,acceptor,no,-,38,71808150,71808150,0.649600028991699,acceptor
Intermediate,AP1G2,23567319,23567597,chr14,23567319,23567597,donor,yes,-,39,23567597,23567597,-0.508599996566773,donor
Intermediate,ARHGAP22,48451628,48453300,chr10,48451140,48453303,acceptor,yes,-,40,48451628,48451628,0,n_s_called
Early,ARHGAP22,48583510,48604763,chr10,48583152,48604763,acceptor,no,-,41,48583510,48583510,0.438300013542175,acceptor
Early,ARHGAP22,48583152,48583378,chr10,48583152,48604763,donor,yes,-,41,48583378,48583378,-0.560100018978119,donor
Early,ARHGAP22,48555550,48604763,chr10,48583152,48604763,donor,no,-,41,48604763,48604763,-0.994400024414062,donor
Intermediate,ARHGAP26,143214088,143216187,chr5,143214088,143222358,acceptor,yes,+,42,143216187,143216187,0.251899987459183,acceptor
Early,ARHGAP32,128992046,128998319,chr11,128988125,128998319,acceptor,yes,-,43,128992046,128992046,0.310099989175797,acceptor
Late,ARL15,54171928,54242070,chr5,54171928,54310432,donor,yes,-,44,54242070,54242070,-0.093800000846386,donor
Late,ASAP2,9335179,9336036,chr2,9335179,9344532,acceptor,no,+,45,9336036,9336036,0.412400007247925,acceptor
Late,ASAP2,9336044,9344532,chr2,9335179,9344532,donor,no,+,45,9336044,9336044,-0.379599988460541,donor
Intermediate,ASIC4,219532939,219535171,chr2,219532939,219535171,exon_skip,no,+,46,,,,
Early,ATG4B,241668685,241668875,chr2,241668685,241670726,acceptor,yes,+,47,241668875,241668875,0.414000004529953,acceptor
Early,ATG4B,241651335,241653307,chr2,241651335,241653512,acceptor,no,+,48,241653307,241653307,0.280800014734268,acceptor
Early,ATG4B,241668985,241670726,chr2,241668685,241670726,donor,yes,+,47,241668985,241668985,-0.791499972343445,donor
Early,ATG4B,241653369,241653512,chr2,241651335,241653512,donor,no,+,48,241653369,241653369,-0.511500000953674,donor
Early,ATP2B2,10385327,10388277,chr3,10385327,10388277,exon_skip,yes,-,49,,,,
Early,ATP9B,79277196,79303604,chr18,79277196,79303604,donor,no,+,51,79277196,79277196,-0.998000025749206,donor
Intermediate,AUTS2,70766355,70768024,chr7,70766355,70768023,acceptor,no,+,53,70768024,70768024,0.510599970817566,acceptor
Late,AUTS2,70435781,70698569,chr7,70695045,70698569,donor,no,+,52,70435781,70435781,-0.993799984455109,donor
Early,BACH1,29194260,29218861,chr21,29194260,29287984,acceptor,no,+,54,29218861,,,
Late,BCL2L13,17702386,17722274,chr22,17702386,17726677,acceptor,yes,+,56,17722274,17722274,0.0140000004321337,acceptor
Early,BCL9L,118910015,118918826,chr11,118908655,118918826,acceptor,no,-,57,118910015,118910015,0.738499999046326,acceptor
Early,BICC1,58798560,58800194,chr10,58798560,58800194,exon_skip,yes,+,58,,,,
Intermediate,BPTF,67875020,67886128,chr17,67875020,67886128,exon_skip,no,+,60,,,,
Late,BRD2,32974765,32975021,chr6,32974765,32975384,acceptor,no,+,61,32975021,32975021,0.986800014972687,acceptor
Late,BRD2,32975112,32975384,chr6,32974765,32975384,donor,no,+,61,32975112,32975112,-0.985599994659424,donor
Early,BRD8,138159599,138160069,chr5,138157267,138160069,acceptor,no,-,62,138159599,138159599,0.98309999704361,acceptor
Early,BRD8,138157267,138159555,chr5,138157267,138159555,exon_skip,no,-,62,,,,
Early,C15orf39,75208876,75210749,chr15,75208824,75210749,donor,no,+,63,75208876,75208876,-0.776799976825714,donor
Early,C1orf53,197903119,197905796,chr1,197902913,197905796,donor,no,+,64,197903119,197903119,-0.309399992227554,donor
Early,C4orf36,86890158,86891456,chr4,86888275,86891456,acceptor,yes,-,65,86890158,86890158,0.732299983501434,acceptor
Early,C4orf36,86888275,86890048,chr4,86888275,86891456,donor,yes,-,65,86890048,86890048,-0.804000020027161,donor
Late,C5orf63,127051947,127052613,chr5,127047915,127052613,acceptor,no,-,66,127051947,127051947,0.386400014162064,acceptor
Late,C6orf52,10683232,10684849,chr6,10683232,10686966,donor,no,-,67,10684849,10684849,-0.697300016880035,donor
Late,CACNA1B,138059737,138069758,chr9,138059737,138073488,acceptor,no,+,68,138069758,138069758,0.000600000028498471,acceptor
Late,CACNA1B,138069763,138073488,chr9,138059737,138073488,donor,no,+,68,138069763,138069763,-0.016499999910593,donor
Late,CACNA2D1,81983334,81984635,chr7,81982627,81984635,acceptor,no,-,69,81983334,81983334,0.605499982833862,acceptor
Late,CACNA2D1,81982627,81983314,chr7,81982627,81984635,donor,no,-,69,81983314,81983314,-0.275900006294251,donor
Intermediate,CACNA2D2,50373085,50374737,chr3,50370380,50374737,acceptor,no,-,70,50373085,50373085,0.838599979877472,acceptor
Intermediate,CACNA2D2,50370380,50373065,chr3,50370380,50374737,donor,no,-,70,50373065,50373065,-0.105599999427795,donor
Early,CADM2,85961647,85979164,chr3,85961647,86065605,acceptor,no,+,71,85979164,85979164,0.981800019741058,acceptor
Early,CADM2,85979283,86065605,chr3,85961647,86065605,donor,no,+,71,85979283,85979283,-0.993600010871887,donor
Intermediate,CAMK2B,44220901,44222117,chr7,44220901,44231006,donor,yes,-,72,44222117,44222117,-0.141000002622604,donor
Intermediate,CAMKK2,121240869,121244573,chr12,121240869,121245140,donor,yes,-,73,121244573,121244573,-0.63510000705719,donor
Late,CARD8,48241063,48246075,chr19,48241063,48249523,donor,yes,-,74,48246075,48246075,-0.103900000452995,donor
Intermediate,CASK,41553915,41555600,chrX,41553915,41557032,donor,no,-,75,41555600,41555600,-0.871200025081635,donor
Intermediate,CASK,41555635,41559779,chrX,41555635,41559779,exon_skip,no,-,75,,,,
Early,CBARP,1235342,1235501,chr19,1235145,1235501,acceptor,no,-,76,1235342,1235342,0.799399971961975,acceptor
Early,CCDC188,20149640,20149955,chr22,20149640,20149724,donor,yes,-,77,20149955,20149955,-0.97350001335144,donor
Early,CCDC33,74209534,74243985,chr15,74209534,74218497,acceptor,no,+,78,74243985,74243985,0.99370002746582,acceptor
Intermediate,CCDC33,74212277,74243985,chr15,74212277,74218497,acceptor,no,+,79,74243985,74243985,0.99370002746582,acceptor
Early,CCDC57,82178605,82179027,chr17,82178605,82183774,donor,no,-,80,82179027,82179027,-0.869799971580505,donor
Early,CDH24,23052083,23052473,chr14,23049943,23052473,acceptor,no,-,81,23052083,23052083,0.892400026321411,acceptor
Early,CDH24,23050140,23051969,chr14,23049943,23052473,donor,no,-,81,23051969,23051969,0,n_s_called
Intermediate,CDIP1,4514664,4538325,chr16,4514664,4538702,donor,no,-,82,4538325,4538325,-0.665300011634827,donor
Early,CDK5RAP2,120404113,120408347,chr9,120404113,120408347,exon_skip,no,-,83,,,,
Late,CDK7,69261458,69262205,chr5,69259936,69262205,donor,yes,+,84,69261458,69261458,-0.316500008106232,donor
Late,CDKAL1,21200892,21201110,chr6,21198104,21201110,donor,no,+,85,21200892,21200892,-0.358700007200241,donor
Early,CDO1,115813954,115816228,chr5,115813258,115816228,acceptor,yes,-,86,115813954,115813954,0.383199989795685,acceptor
Early,CDO1,115813258,115813898,chr5,115813258,115816228,donor,yes,-,86,115813898,115813898,-0.651600003242493,donor
Late,CELF5,3286025,3286224,chr19,3286025,3290231,acceptor,yes,+,88,3286224,3286224,0.674300014972687,acceptor
Early,CELSR3,48650289,48650480,chr3,48649215,48650480,acceptor,no,-,89,48650289,48650289,0.701900005340576,acceptor
Early,CELSR3,48649215,48650275,chr3,48649215,48650480,donor,no,-,89,48650275,48650275,-0.358700007200241,donor
Late,CENATAC,119011311,119011939,chr11,119011283,119011939,donor,no,+,90,119011311,119011311,-0.00700000021606684,donor
Late,CEP170B,104865513,104876256,chr14,104865513,104876256,exon_skip,yes,+,91,,,,
Late,CEP290,88086742,88087780,chr12,88086498,88087780,acceptor,yes,-,92,88086742,88086742,0.0306000001728535,acceptor
Late,CEP290,88086789,88087780,chr12,88086498,88087780,acceptor,yes,-,93,88086789,88086789,0.0164000000804663,acceptor
Early,CEP44,174316290,174316530,chr4,174316290,174331482,acceptor,no,+,94,174316530,174316530,0.967400014400482,acceptor
Early,CEP44,174316567,174317335,chr4,174316290,174331482,donor,no,+,94,174316567,174316567,-0.975300014019012,donor
Early,CEP72,647916,648100,chr5,647916,652988,acceptor,yes,+,95,648100,648100,0.0881000012159348,acceptor
Early,CEP72,648223,652988,chr5,647916,652988,donor,yes,+,95,648223,648223,-0.519200026988983,donor
Late,CERS6,168766345,168769510,chr2,168765748,168769510,donor,no,+,96,168766345,168766345,-0.792200028896332,donor
Late,CHGB,5912706,5914618,chr20,5911682,5914618,donor,yes,+,97,5912706,5912706,-0.558499991893768,donor
Late,CHGB,5912706,5916326,chr20,5911682,5916326,donor,yes,+,98,5912706,5912706,-0.558499991893768,donor
Late,CHID1,900980,902148,chr11,900980,902198,donor,yes,-,99,902148,902148,-0.968299984931946,donor
Intermediate,CHRNB1,7446113,7446398,chr17,7446113,7446833,acceptor,yes,+,100,7446398,7446398,0.215599998831749,acceptor
Intermediate,CLASP1,121445496,121447337,chr2,121430177,121447337,acceptor,no,-,101,121445496,121445496,0.138099998235703,acceptor
Intermediate,CLASP1,121427430,121430073,chr2,121425306,121430073,acceptor,no,-,102,121427430,121427430,0.981599986553192,acceptor
Intermediate,CLASP1,121425306,121427404,chr2,121425306,121430073,donor,no,-,102,121427404,121427404,-0.976100027561188,donor
Intermediate,CLASP1,121430177,121444939,chr2,121430177,121447337,donor,no,-,102,121444939,121444939,-0.348699986934662,donor
Late,CLASP2,33574496,33576169,chr3,33573354,33576169,acceptor,no,-,103,33574496,33574496,0.0318999998271465,acceptor
Late,CLASP2,33573354,33574473,chr3,33573354,33576169,donor,no,-,103,33574473,33574473,-0.0445000007748604,donor
Late,CLASP2,33644903,33658974,chr3,33644903,33663445,donor,no,-,104,33658974,33658974,-0.489800006151199,donor
Intermediate,CLDN11,170423327,170432279,chr3,170423327,170432524,acceptor,yes,+,105,170432279,170432279,0.509999990463257,acceptor
Early,CLIP1,122334705,122336632,chr12,122334705,122340981,donor,no,-,106,122336632,122336632,-0.972699999809265,donor
Early,COL22A1,138878316,138913619,chr8,138878316,138913619,exon_skip,no,-,107,,,,
Early,CORO7-PAM16,4367442,4387986,chr16,4365545,4387986,acceptor,yes,-,108,4367442,,,
Late,CSTF2,100828102,100830808,chrX,100828102,100831515,acceptor,no,+,109,100830808,100830808,0.873399972915649,acceptor
Late,CSTF2,100830867,100831515,chrX,100830867,100831515,exon_skip,no,+,109,,,,
Intermediate,CTNND1,57806035,57806461,chr11,57806035,57806915,acceptor,no,+,110,57806461,57806461,0.94379997253418,acceptor
Intermediate,DCAF1,51483836,51499873,chr3,51483836,51499873,exon_skip,no,-,111,,,,
Late,DCTN1,74363628,74365075,chr2,74363427,74365075,acceptor,no,-,112,74363628,74363628,0.638000011444092,acceptor
Late,DCTN1,74363427,74363614,chr2,74363427,74365075,donor,no,-,112,74363614,74363614,-0.877799987792969,donor
Early,DDR1,30884710,30885625,chr6,30884710,30888688,acceptor,no,+,113,30885625,30885625,0.778800010681152,acceptor
Early,DDR1,30885680,30888688,chr6,30884710,30888688,donor,no,+,113,30885680,30885680,-0.833199977874756,donor
Late,DENND1B,197560874,197583152,chr1,197553112,197583152,acceptor,yes,-,114,197560874,197560874,0.0276999995112419,acceptor
Early,DENND2B,8780251,8811247,chr11,8750725,8811247,acceptor,yes,-,116,8780251,8780251,0.093299999833107,acceptor
Intermediate,DENND2B,8750725,8776192,chr11,8750725,8811247,donor,yes,-,115,8776192,8776192,-0.655799984931946,donor
Early,DENND2B,8750725,8780133,chr11,8750725,8811247,donor,yes,-,116,8780133,8780133,-0.0386999994516373,donor
Early,DENND6B,50316712,50317293,chr22,50316475,50317293,acceptor,yes,-,117,50316712,50316712,0.22859999537468,acceptor
Late,DGKI,137487689,137493783,chr7,137487689,137521866,donor,yes,-,118,137493783,137493783,-0.286199986934662,donor
Late,DLC1,13585926,13604537,chr8,13500196,13604537,acceptor,no,-,119,13585926,,,
Late,DLG5,77793235,77794008,chr10,77792543,77794008,acceptor,yes,-,120,77793235,77793235,0.120899997651577,acceptor
Late,DLG5,77792543,77793165,chr10,77792543,77794008,donor,yes,-,120,77793165,77793165,-0.0635000020265579,donor
Late,DNAAF5,769205,770471,chr7,763974,770471,donor,no,+,121,769205,769205,-0.633099973201752,donor
Late,DNAAF9,3344699,3348525,chr20,3343731,3348525,acceptor,yes,-,122,3344699,3344699,0.0229000002145767,acceptor
Late,DNAAF9,3343731,3344641,chr20,3343731,3348525,donor,yes,-,122,3344641,3344641,-0.0175000000745058,donor
Early,DNAJC5,63931022,63931109,chr20,63931022,63931465,acceptor,no,+,123,63931109,63931109,0.927900016307831,acceptor
Early,DNAJC5,63931182,63931465,chr20,63931022,63931465,donor,no,+,123,63931182,63931182,-0.843100011348724,donor
Early,DNM1,128250940,128253047,chr9,128250940,128253101,acceptor,yes,+,124,128253047,128253047,0.0737999975681305,acceptor
Early,DNM1,128253137,128254006,chr9,128250940,128254006,donor,no,+,124,128253137,128253137,-0.968400001525879,donor
Late,DNM1L,32737161,32737865,chr12,32737161,32738264,acceptor,no,+,125,32737865,32737865,0.76910001039505,acceptor
Intermediate,DNMT3A,25237276,25239130,chr2,25237005,25239130,acceptor,yes,-,126,25237276,25237276,0.170000001788139,acceptor
Intermediate,DNMT3A,25237005,25237139,chr2,25237005,25239130,donor,yes,-,126,25237139,25237139,-0.109600000083447,donor
Early,DOCK1,127381368,127381953,chr10,127381368,127384790,acceptor,yes,+,127,127381953,127381953,0.45440000295639,acceptor
Early,DOCK1,127257429,127272011,chr10,127257429,127339006,acceptor,no,+,128,127272011,127272011,0.0280000008642674,acceptor
Early,DOCK1,127382041,127384790,chr10,127381368,127384790,donor,yes,+,127,127382041,127382041,-0.401899993419647,donor
Late,DOCK7,62487412,62488934,chr1,62477834,62488934,acceptor,no,-,129,62487412,62487412,0.0641999989748001,acceptor
Late,DOCK7,62477825,62487398,chr1,62477834,62488934,donor,no,-,129,62487398,62487398,-0.0116999996826053,donor
Intermediate,DOCK7,62543745,62552732,chr1,62543745,62552732,exon_skip,no,-,130,,,,
Early,DPY19L2,63621337,63624040,chr12,63621337,63626469,donor,no,-,131,63624040,63624040,-0.336199998855591,donor
Intermediate,DRAM2,111119959,111120516,chr1,111119959,111120531,donor,no,-,132,111120516,111120516,-0.0007999999797903,donor
Early,DST,56529774,56529974,chr6,56528925,56529974,acceptor,no,-,133,56529774,56529774,0.869099974632263,acceptor
Early,DST,56463156,56463565,chr6,56460254,56463565,acceptor,no,-,134,56463156,56463156,0.489399999380112,acceptor
Early,DST,56528925,56529448,chr6,56528925,56529974,donor,no,-,133,56529448,56529448,-0.97409999370575,donor
Intermediate,DTNB,25419535,25427535,chr2,25388361,25427535,acceptor,no,-,135,25419535,25419535,0.950999975204468,acceptor
Intermediate,DTNB,25388361,25419515,chr2,25388361,25427535,donor,no,-,135,25419515,25419515,-0.78600001335144,donor
Intermediate,DYNC1I1,96039421,96041462,chr7,96039421,96076057,acceptor,yes,+,136,96041462,96041462,0.764699995517731,acceptor
Late,DYNC1I1,96061328,96076057,chr7,96039421,96076057,donor,yes,+,137,96061328,96061328,-0.00730000017210841,donor
Early,E2F6,11453798,11457179,chr2,11453798,11457179,exon_skip,no,-,138,,,,
Early,EBF3,129840334,129842116,chr10,129840334,129842116,exon_skip,no,-,139,,,,
Early,EHD2,47724741,47725812,chr19,47718606,47725812,donor,yes,+,140,47724741,47724741,-0.317900002002716,donor
Intermediate,EHMT1,137778055,137790848,chr9,137778055,137790848,exon_skip,yes,+,141,,,,
Late,EIF4A2,186787882,186788310,chr3,186787882,186789125,acceptor,no,+,142,186788310,186788310,0.966199994087219,acceptor
Late,EIF4G1,184316218,184316713,chr3,184316218,184317321,acceptor,no,+,143,184316713,184316713,0.206799998879433,acceptor
Late,EIF4G1,184316733,184317321,chr3,184316218,184317321,donor,no,+,143,184316733,184316733,-0.280000001192093,donor
Early,ELAVL3,11463662,11466172,chr19,11458611,11466172,acceptor,yes,-,144,11463662,11463662,0.0861999988555908,acceptor
Early,ELAVL3,11458611,11463496,chr19,11458611,11466172,donor,yes,-,144,11463496,11463496,-0.0751999989151955,donor
Intermediate,ELOA-AS1,23772426,23778199,chr1,23772166,23778199,acceptor,no,-,145,23772426,,,
Late,EML4,42256630,42261121,chr2,42256630,42263178,acceptor,no,+,146,42261121,42261121,0.792900025844574,acceptor
Late,ENDOV,80429831,80436133,chr17,80429831,80430041,acceptor,yes,+,147,80436133,80436133,0.694599986076355,acceptor
Early,EP400,131981596,131982093,chr12,131979793,131982093,donor,no,+,148,131981596,131981596,-0.931500017642975,donor
Early,EP400,131992230,132005077,chr12,131992230,132005077,exon_skip,yes,+,148,,,,
Late,EPB41,29058645,29058811,chr1,29058645,29060422,acceptor,no,+,149,29058811,29058811,0.19310000538826,acceptor
Late,EPB41,29058852,29060422,chr1,29058645,29060422,donor,no,+,149,29058852,29058852,-0.160699993371964,donor
Late,EPB41L1,36194360,36195329,chr20,36194360,36197859,acceptor,no,+,150,36195329,36195329,0.818499982357025,acceptor
Late,EPB41L1,36195364,36197859,chr20,36194360,36197859,donor,no,+,150,36195364,36195364,-0.76690000295639,donor
Early,EPB41L4A,112267284,112275326,chr5,112266330,112275326,acceptor,yes,-,151,112267284,112267284,0.79229998588562,acceptor
Early,EPB41L4A,112266330,112267210,chr5,112266330,112275326,donor,yes,-,151,112267210,112267210,-0.906599998474121,donor
Intermediate,EPG5,45901167,45903940,chr18,45901167,45903973,donor,no,-,152,45903940,45903940,-0.00889999978244305,donor
Early,ETS2,38806808,38810035,chr21,38806120,38810035,donor,no,+,153,38806808,38806808,-0.824999988079071,donor
Early,EXOC7,76089320,76094414,chr17,76089320,76094414,exon_skip,no,-,154,,,,
Late,F8,154863227,154896077,chrX,154863227,154886133,donor,no,-,155,154896077,154896077,-0.995100021362305,donor
Late,FAHD2A,95402992,95405277,chr2,95402992,95405553,donor,no,+,156,95402992,95402992,-0.822099983692169,donor
Early,FAM114A2,154037455,154038388,chr5,154034967,154038388,acceptor,yes,-,157,154037455,154037455,0.336800009012222,acceptor
Early,FAM114A2,154037455,154038293,chr5,154034967,154038293,acceptor,yes,-,158,154037455,154037455,0.336800009012222,acceptor
Early,FAM163B,133580246,133609077,chr9,133580246,133585976,donor,no,-,159,133609077,133609077,-0.983399987220764,donor
Early,FAM27C,61856814,61917468,chr9,61856814,61861276,acceptor,no,+,160,61917468,,,
Early,FAM66C,8188535,8193520,chr12,8188535,8194203,acceptor,no,+,161,8193520,,,
Early,FAM66C,8193655,8194203,chr12,8188645,8194203,donor,no,+,161,8193655,,,
Early,FAM66D,12144875,12145423,chr8,12122050,12145423,donor,no,+,162,12144875,,,
Late,FANCC,95111345,95111463,chr9,95107269,95111463,acceptor,no,-,163,95111345,95111345,0.314599990844727,acceptor
Late,FANCL,58217434,58221942,chr2,58204226,58221942,acceptor,yes,-,164,58217434,58217434,0.266400009393692,acceptor
Intermediate,FBRSL1,132508350,132525734,chr12,132508350,132509166,acceptor,no,+,165,132525734,132525734,0.997900009155273,acceptor
Early,FBXO25,431444,432886,chr8,431444,435615,acceptor,no,+,166,432886,432886,0.989499986171722,acceptor
Early,FBXO25,432935,435615,chr8,431444,435615,donor,no,+,166,432935,432935,-0.994700014591217,donor
Late,FBXO44,11658393,11658533,chr1,11658364,11658736,acceptor,no,+,167,11658533,11658533,0.959999978542328,acceptor
Late,FBXO44,11658628,11658736,chr1,11658364,11658736,donor,no,+,167,11658628,11658628,-0.998799979686737,donor
Intermediate,FEZ1,125489822,125495836,chr11,125489822,125496121,donor,yes,-,168,125495836,125495836,-0.261500000953674,donor
Late,FGFR1OP2,26957743,26963342,chr12,26957743,26963342,exon_skip,no,+,169,,,,
Early,FGFR4,177089693,177089858,chr5,177089693,177090390,acceptor,yes,+,170,177089858,177089858,0.047800000756979,acceptor
Early,FGFR4,177089940,177090390,chr5,177089693,177090390,donor,yes,+,170,177089940,177089940,-0.204799994826317,donor
Intermediate,FNIP2,158833628,158833801,chr4,158833628,158835405,acceptor,no,+,171,158833801,158833801,0.988900005817413,acceptor
Intermediate,FNIP2,158833890,158835405,chr4,158833628,158835405,donor,no,+,171,158833890,158833890,-0.988900005817413,donor
Intermediate,FOXN2,48334678,48346201,chr2,48314814,48346201,donor,no,+,172,48334678,48334678,-0.342299997806549,donor
Late,G2E3,30559272,30563746,chr14,30559272,30581076,acceptor,yes,+,174,30563746,30563746,0.00270000007003546,acceptor
Early,GATA4,11698411,11700508,chr8,11692660,11700508,donor,yes,+,175,11698411,,,
Late,GBAP1,155217373,155217519,chr1,155217373,155217964,donor,no,-,176,155217519,,,
Early,GIT2,109945349,109947256,chr12,109939247,109947256,acceptor,no,-,178,109945349,109945349,0.813300013542175,acceptor
Early,GIT2,109939247,109942842,chr12,109939247,109947256,donor,yes,-,177,109942842,109942842,-0.0197999998927116,donor
Intermediate,GNB1L,19824077,19854443,chr22,19821375,19854443,acceptor,yes,-,179,19824077,19824077,0.147300004959106,acceptor
Intermediate,GNB1L,19821375,19823987,chr22,19821375,19854443,donor,yes,-,179,19823987,19823987,-0.00549999997019768,donor
Early,GNG8,46634725,46636050,chr19,46634725,46636147,donor,yes,-,180,46636050,,,
Early,GPR173,53049484,53070988,chrX,53049484,53076525,acceptor,no,+,182,53070988,53070988,0.137999996542931,acceptor
Early,GPSM2,108885578,108896317,chr1,108885578,108896864,acceptor,yes,+,183,108896317,108896317,0.218500003218651,acceptor
Early,GPSM2,108896431,108896864,chr1,108885578,108896864,donor,yes,+,183,108896431,108896431,-0.0710000023245812,donor
Early,GPT2,46900883,46906842,chr16,46900790,46906842,donor,yes,+,184,46900883,46900883,-0.162000000476837,donor
Late,GPX7,52606260,52606684,chr1,52602547,52606684,donor,yes,+,185,52606260,,,
Early,GRAMD1A,35000486,35001098,chr19,35000486,35009119,acceptor,yes,+,186,35001098,35001098,0.410400003194809,acceptor
Early,GRAMD1A,35001244,35009119,chr19,35000486,35009119,donor,no,+,186,35001244,35001244,-0.542500019073486,donor
Late,GREB1,11580832,11588746,chr2,11580832,11588746,exon_skip,yes,+,187,,,,
Early,GRIA2,157220725,157221667,chr4,157221130,157221667,donor,yes,+,188,157220725,,,
Intermediate,GSTM2,109670234,109671287,chr1,109669571,109671287,donor,yes,+,189,109670234,,,
Intermediate,HAUS2,42563857,42565446,chr15,42563857,42566607,acceptor,yes,+,190,42565446,42565446,0.0340999998152256,acceptor
Intermediate,HAUS2,42565880,42566607,chr15,42563857,42566607,donor,yes,+,190,42565880,42565880,-0.0395000018179417,donor
Early,HDGFL2,4491835,4492015,chr19,4491835,4493703,acceptor,yes,+,191,4492015,4492015,0.402200013399124,acceptor
Early,HDGFL2,4492152,4493703,chr19,4491835,4493703,donor,yes,+,191,4492152,4492152,-0.640799999237061,donor
Late,HERC2,28196354,28198378,chr15,28196354,28198378,exon_skip,no,-,192,,,,
Early,HIPK2,139614493,139620401,chr7,139614412,139620401,acceptor,no,-,193,139614493,139614493,0.741800010204315,acceptor
Intermediate,HNRNPA2B1,26190460,26190993,chr7,26190460,26190993,donor,no,-,194,26190993,26190993,-0.57150000333786,donor
Early,HOOK2,12774897,12778300,chr19,12774897,12775405,donor,no,-,195,12778300,,,
Late,HS3ST2,22815095,22854664,chr16,22815095,22854664,exon_skip,no,+,196,,,,
Early,HS6ST3,96091569,96095910,chr13,96091569,96832490,acceptor,yes,+,197,96095910,96095910,0.209600001573563,acceptor
Late,IFITM10,1748119,1750359,chr11,1748119,1749015,donor,no,-,198,1750359,1750359,-0.634100019931793,donor
Intermediate,IFT122,129483682,129483926,chr3,129483682,129488257,acceptor,yes,+,199,129483926,129483926,0.312700003385544,acceptor
Intermediate,IFT122,129484024,129488257,chr3,129483682,129488257,donor,yes,+,199,129484024,129484024,-0.02280000038445,donor
Intermediate,IFT80,160381724,160384564,chr3,160381726,160384564,acceptor,no,-,200,160381724,160381724,0.0197000000625849,acceptor
Intermediate,IGF2,2135529,2138229,chr11,2135529,2138229,exon_skip,no,-,201,,,,
Intermediate,IGFBP7-AS1,57201820,57203508,chr4,57201820,57204478,acceptor,yes,+,202,57203508,,,
Intermediate,IGFBP7-AS1,57203595,57204478,chr4,57201215,57204478,donor,yes,+,202,57203595,,,
Early,IGLON5,51320670,51322064,chr19,51311926,51322064,donor,yes,+,203,51320670,51320670,-0.0706000030040741,donor
Late,IKZF4,56021580,56025054,chr12,56021580,56025054,exon_skip,no,+,204,,,,
Intermediate,IMMP1L,31463305,31469740,chr11,31463305,31509519,donor,no,-,205,31469740,31469740,-0.110299997031689,donor
Late,INPP1,190362687,190365113,chr2,190362687,190366695,acceptor,yes,+,206,190365113,190365113,0.288599997758865,acceptor
Early,INSR,7169831,7170537,chr19,7168094,7170537,acceptor,yes,-,207,7169831,7169831,0.646600008010864,acceptor
Intermediate,IP6K2,48694824,48695090,chr3,48693179,48695090,acceptor,no,-,208,48694824,48694824,0.00120000005699694,acceptor
Intermediate,IQCE,2559217,2564878,chr7,2559217,2567116,acceptor,yes,+,209,2564878,2564878,0.405099987983704,acceptor
Intermediate,IQCE,2565071,2567116,chr7,2559217,2567116,donor,yes,+,209,2565071,2565071,-0.223600000143051,donor
Early,IRAK4,43759016,43760925,chr12,43759016,43768103,acceptor,yes,+,210,43760925,43760925,0.197400003671646,acceptor
Early,ISL2,76336941,76340276,chr15,76336941,76340276,exon_skip,yes,+,211,,,,
Early,ISLR2,74128307,74130554,chr15,74129956,74130554,acceptor,no,+,212,74130554,,,
Early,ISLR2,74130665,74131207,chr15,74130621,74131207,donor,yes,+,212,74130665,74130665,-0.743799984455109,donor
Late,ISOC2,55455845,55456349,chr19,55455330,55456349,acceptor,no,-,213,55455845,55455845,0.994799971580505,acceptor
Late,ISOC2,55455330,55455636,chr19,55455330,55456349,donor,no,-,213,55455636,55455636,-0.997900009155273,donor
Early,KCNQ2,63439708,63444659,chr20,63439708,63444659,exon_skip,yes,-,214,,,,
Late,KCNT1,135786521,135791797,chr9,135786521,135791797,exon_skip,no,+,215,,,,
Early,KCTD15,33799719,33800137,chr19,33799718,33800428,acceptor,yes,+,220,33800137,,,
Intermediate,KCTD15,33799718,33800138,chr19,33799718,33800428,acceptor,yes,+,219,33800138,,,
Intermediate,KCTD15,33798766,33799594,chr19,33798766,33800428,acceptor,no,+,217,33799594,,,
Late,KCTD15,33798390,33798668,chr19,33796987,33798668,donor,yes,+,216,33798390,,,
Intermediate,KCTD15,33800186,33800428,chr19,33798766,33800428,donor,yes,+,219,33800186,,,
Early,KCTD15,33800189,33800427,chr19,33798766,33800428,donor,yes,+,220,33800189,,,
Late,KCTD15,33798767,33799593,chr19,33798767,33799593,exon_skip,no,+,218,,,,
Early,KDM1B,18213782,18214505,chr6,18213781,18215007,acceptor,yes,+,221,18214505,18214505,0,n_s_called
Early,KDM1B,18214679,18215006,chr6,18213781,18215007,donor,yes,+,221,18214679,18214679,0,n_s_called
Intermediate,KIAA0753,6580975,6589779,chr17,6579864,6589779,acceptor,yes,-,222,6580975,6580975,0.502499997615814,acceptor
Intermediate,KIAA0753,6579864,6580932,chr17,6579864,6589779,donor,yes,-,222,6580932,6580932,-0.412699997425079,donor
Early,KIAA1109,122325320,122325855,chr4,122325320,122328104,acceptor,no,+,223,122325855,,,
Early,KIAA1109,122325917,122328104,chr4,122325320,122328104,donor,no,+,223,122325917,,,
Early,KIF1C,5014837,5019849,chr17,5014837,5019996,acceptor,no,+,224,5019849,5019849,0.49889999628067,acceptor
Early,KIF1C,5019871,5019996,chr17,5014837,5019996,donor,no,+,224,5019871,5019871,-0.499099999666214,donor
Late,KIF21A,39370261,39386971,chr12,39370261,39442927,donor,yes,-,225,39386971,39386971,-0.107199996709824,donor
Late,KIF21A,39326324,39330746,chr12,39326324,39330746,exon_skip,no,-,226,,,,
Intermediate,KIF23,69423329,69425282,chr15,69423329,69426070,acceptor,no,+,227,69425282,69425282,0.350600004196167,acceptor
Intermediate,KIF23,69425323,69426070,chr15,69423329,69426070,donor,no,+,227,69425323,69425323,-0.282799988985062,donor
Early,KLHL18,47283094,47287220,chr3,47283094,47319653,acceptor,no,+,228,47287220,47287220,0.229699999094009,acceptor
Early,KLHL35,75425581,75426483,chr11,75425581,75426519,donor,yes,-,229,75426483,75426483,-0.745599985122681,donor
Early,KMT5C,55342380,55342742,chr19,55342046,55342742,donor,no,+,230,55342380,55342380,-0.95990002155304,donor
Early,KSR1,27617428,27623314,chr17,27617428,27621929,donor,no,+,231,27617428,27617428,-0.998700022697449,donor
Late,LAS1L,65524262,65524564,chrX,65524262,65524965,donor,no,-,232,65524564,65524564,-0.344599992036819,donor
Intermediate,LHFPL2,78647574,78648499,chr5,78632368,78648499,acceptor,yes,-,233,78647574,78647574,0.617299973964691,acceptor
Early,LINC00265,39779385,39780503,chr7,39771091,39780503,donor,no,+,234,39779385,,,
Early,LINC00648,47768910,47789906,chr14,47767757,47789906,acceptor,no,-,235,47768910,,,
Late,LINC00662,27727979,27732796,chr19,27730707,27732796,acceptor,no,-,236,27727979,,,
Early,LINC01881,242114741,242116183,chr2,242114741,242118965,acceptor,no,+,238,242116183,,,
Early,LINC01881,242116232,242118965,chr2,242114741,242118965,donor,no,+,238,242116232,,,
Early,LINC02245,65051337,65055915,chr2,65048212,65055915,acceptor,yes,-,239,65051337,,,
Early,LINC02245,65048212,65051279,chr2,65048212,65055915,donor,yes,-,239,65051279,,,
Late,LMF1,911079,933991,chr16,911079,934190,donor,yes,-,240,933991,933991,-0.55460000038147,donor
Early,LRP8,53274820,53275631,chr1,53271346,53275631,acceptor,no,-,241,53274820,53274820,0.18860000371933,acceptor
Early,LRP8,53271346,53274643,chr1,53271346,53275631,donor,yes,-,241,53274643,53274643,-0.0351000018417835,donor
Early,LRRFIP1,237756187,237758729,chr2,237757548,237758729,donor,no,+,242,237756187,237756187,-0.999499976634979,donor
Late,LUC7L,228402,229279,chr16,227336,229279,acceptor,no,-,243,228402,228402,0.480800002813339,acceptor
Early,MACF1,39427614,39427961,chr1,39427614,39429242,acceptor,no,+,244,39427961,39427961,0.941200017929077,acceptor
Early,MACF1,39428287,39429242,chr1,39427614,39429242,donor,no,+,244,39428287,39428287,-0.817799985408783,donor
Early,MADD,47325032,47326544,chr11,47324577,47326544,donor,yes,+,245,47325032,47325032,-0.542200028896332,donor
Early,MADD,47325032,47326738,chr11,47324577,47326738,donor,yes,+,245,47325032,47325032,-0.542200028896332,donor
Early,MADD,47325032,47328658,chr11,47325032,47328658,exon_skip,yes,+,245,,,,
Intermediate,MAN2A2,90902526,90903231,chr15,90902526,90903231,exon_skip,yes,+,246,,,,
Early,MAP7D2,20050946,20052878,chrX,20044524,20052878,acceptor,no,-,247,20050946,20050946,0.248999997973442,acceptor
Early,MAP7D2,20044524,20050824,chrX,20044524,20052878,donor,no,-,247,20050824,20050824,-0.408600002527237,donor
Early,MAPK8,48424585,48425888,chr10,48424159,48425888,donor,no,+,248,48424585,48424585,-0.0494999997317791,donor
Early,MAPK8,48420320,48424514,chr10,48420320,48424514,exon_skip,no,+,248,,,,
Early,MAPK8IP3,1745103,1747029,chr16,1743476,1747029,donor,no,+,249,1745103,1745103,-0.690699994564056,donor
Early,MAPK9,180287067,180291848,chr5,180280608,180291848,acceptor,yes,-,250,180287067,180287067,0.264999985694885,acceptor
Early,MAPK9,180280608,180286975,chr5,180280608,180291848,donor,no,-,250,180286975,180286975,-0.463499993085861,donor
Intermediate,MED13L,116054357,116096669,chr12,116022601,116096669,acceptor,yes,-,252,116054357,116054357,0.515399992465973,acceptor
Intermediate,MED13L,116022601,116054245,chr12,116022601,116096669,donor,yes,-,252,116054245,116054245,-0.500500023365021,donor
Intermediate,MEIS2,37096430,37097934,chr15,37096430,37097967,donor,yes,-,253,37097934,37097934,-0.758000016212463,donor
Intermediate,MEIS2,37095614,37099455,chr15,37095614,37099455,exon_skip,yes,-,253,,,,
Late,METTL26,635774,636094,chr16,635774,636094,acceptor,no,-,254,635774,635774,0.849200010299683,acceptor
Early,METTL8,171392197,171433026,chr2,171392197,171433883,donor,yes,-,255,171433026,171433026,-0.727800011634827,donor
Late,MFSD11,76737091,76738282,chr17,76737883,76738282,acceptor,no,+,256,76738282,76738282,0.243900001049042,acceptor
Early,MFSD6,190499856,190500015,chr2,190497719,190500015,donor,no,+,257,190499856,190499856,-0.7049999833107,donor
Intermediate,MGAT1,180809076,180809795,chr5,180809076,180809634,donor,yes,-,258,180809795,,,
Early,MGAT5B,76933297,76937229,chr17,76933297,76937988,acceptor,yes,+,259,76937229,76937229,0.18970000743866,acceptor
Early,MGAT5B,76937368,76937988,chr17,76933297,76937988,donor,yes,+,259,76937368,76937368,-0.161899998784065,donor
Intermediate,MLST8,2205875,2206031,chr16,2205512,2206031,donor,no,+,260,2205875,2205875,-0.621800005435944,donor
Late,MNT,2388049,2400640,chr17,2388049,2400640,exon_skip,yes,-,261,,,,
Early,MPP2,43884155,43898262,chr17,43883355,43898262,acceptor,no,-,262,43884155,43884155,0.740299999713898,acceptor
Early,MPP2,43883355,43884084,chr17,43883355,43898262,donor,no,-,262,43884084,43884084,-0.625400006771088,donor
Intermediate,MPZL1,167773368,167776064,chr1,167773368,167787820,acceptor,no,+,263,167776064,167776064,0.846599996089935,acceptor
Intermediate,MPZL1,167776166,167787820,chr1,167773368,167787820,donor,no,+,263,167776166,167776166,-0.714100003242493,donor
Late,MTA1,105468349,105469467,chr14,105466578,105469467,donor,no,+,264,105468349,105468349,-0.895900011062622,donor
Early,MTERF4,241099894,241102253,chr2,241094432,241102253,acceptor,no,-,265,241099894,241099894,0.795499980449677,acceptor
Early,MTRR,7878322,7885701,chr5,7878322,7885701,exon_skip,yes,+,266,,,,
Intermediate,MTSS2,70669046,70674306,chr16,70665540,70674306,acceptor,yes,-,267,70669046,70669046,0.065700002014637,acceptor
Intermediate,MTSS2,70666396,70668999,chr16,70665540,70674306,donor,yes,-,267,70668999,70668999,-0.0456999987363815,donor
Late,MVK,109594903,109595028,chr12,109591357,109595028,donor,yes,+,268,109594903,109594903,-0.37279999256134,donor
Early,MYL5,676209,677922,chr4,676209,678658,acceptor,no,+,269,677922,677922,0.216499999165535,acceptor
Early,MYL5,678029,678658,chr4,676209,678658,donor,no,+,269,678029,678029,-0.426999986171722,donor
Late,MYL6,56160320,56160626,chr12,56160320,56161387,acceptor,no,+,270,56160626,56160626,0.753099977970123,acceptor
Intermediate,MYO18A,29131442,29165942,chr17,29122253,29165942,acceptor,yes,-,271,29131442,29131442,0.367000013589859,acceptor
Intermediate,MYO18A,29122253,29124653,chr17,29122253,29165942,donor,yes,-,271,29124653,29124653,-0.667400002479553,donor
Intermediate,MYO18A,29122253,29131383,chr17,29122253,29131383,exon_skip,yes,-,271,,,,
Intermediate,MYO9B,17203004,17203147,chr19,17202883,17203147,donor,yes,+,272,17203004,17203004,-0.616299986839294,donor
Late,NADSYN1,71499039,71501302,chr11,71498528,71501302,donor,yes,+,273,71499039,71499039,-0.109099999070168,donor
Early,NAV1,201803714,201804489,chr1,201803714,201807953,acceptor,yes,+,274,201804489,201804489,0.595099985599518,acceptor
Early,NAV1,201804497,201807953,chr1,201803714,201807953,donor,yes,+,274,201804497,201804497,-0.62279999256134,donor
Late,NAV2,20051333,20054080,chr11,20049195,20054080,donor,no,+,275,20051333,20051333,-0.758099973201752,donor
Late,NBEA,35452235,35472400,chr13,35471560,35472400,donor,no,+,276,35452235,35452235,-0.999000012874603,donor
Intermediate,NBPF1,16607691,16608508,chr1,16595013,16608508,acceptor,no,-,277,16607691,,,
Early,NCAM1,113235164,113246368,chr11,113235164,113255877,acceptor,no,+,278,113246368,113246368,0.00170000002253801,acceptor
Early,NCAM1,113246370,113255877,chr11,113235164,113255877,donor,no,+,278,113246370,113246370,-0.046900000423193,donor
Late,NCAPG2,158646563,158652293,chr7,158646563,158652293,exon_skip,no,-,279,,,,
Intermediate,NCOA1,24762776,24768079,chr2,24762776,24768221,acceptor,no,+,280,24768079,24768079,0.844500005245209,acceptor
Intermediate,NCOA1,24768135,24768221,chr2,24762776,24768221,donor,no,+,280,24768135,24768135,-0.930000007152557,donor
Early,NCOA7,125885343,125888939,chr6,125885343,125888972,acceptor,no,+,281,125888939,125888939,0.900499999523163,acceptor
Early,NEK1,169508331,169537809,chr4,169508331,169537809,exon_skip,no,-,282,,,,
Ambiguous,NFIX,13024034,13024535,chr19,13024034,13025021,acceptor,yes,+,283,13024535,13024535,0.00469999993219972,acceptor
Ambiguous,NFIX,13024723,13025021,chr19,13024034,13025021,donor,yes,+,283,13024723,13024723,-0.477800011634827,donor
Ambiguous,NFIX,13024719,13025021,chr19,13024034,13025021,donor,yes,+,283,13024719,13024719,-0.532299995422363,donor
Early,NPIPA3,14724523,14725020,chr16,14724523,14725020,acceptor,no,+,284,14725020,,,
Late,NPIPB3,21419766,21424979,chr16,21419766,21424979,exon_skip,no,-,286,,,,
Early,NRG1,31640729,31708272,chr8,31640729,32595828,acceptor,no,+,287,31708272,,,
Late,NSMCE4A,121971069,121973523,chr10,121971069,121974004,donor,yes,-,288,121973523,121973523,-0.466699987649918,donor
Late,NSRP1,30118173,30163067,chr17,30118173,30172542,acceptor,no,+,289,30163067,30163067,0.255199998617172,acceptor
Late,NUMA1,72012442,72012895,chr11,72010854,72012895,acceptor,no,-,290,72012442,72012442,0.570599973201752,acceptor
Intermediate,NUP188,128952846,128956141,chr9,128952846,128956350,acceptor,yes,+,292,128956141,128956141,0.754199981689453,acceptor
Late,NUP188,128948628,128949189,chr9,128947751,128949189,donor,yes,+,291,128948628,128948628,-0.769599974155426,donor
Intermediate,NUP188,128956174,128956350,chr9,128952846,128956350,donor,yes,+,292,128956174,128956174,-0.477899998426437,donor
Early,NYNRIN,24411450,24412644,chr14,24411450,24412997,acceptor,yes,+,293,24412644,24412644,0.987600028514862,acceptor
Early,NYNRIN,24411451,24412593,chr14,24411450,24412997,acceptor,yes,+,293,24412593,24412593,0,n_s_called
Early,NYNRIN,24412691,24412997,chr14,24411450,24412997,donor,yes,+,293,24412691,24412691,-0.978500008583069,donor
Late,OBSCN,228224544,228244382,chr1,228224544,228244382,exon_skip,yes,+,294,,,,
Intermediate,OGDHL,49749816,49750839,chr10,49747208,49750838,acceptor,no,-,296,49749816,49749816,0.955099999904633,acceptor
Intermediate,OGDHL,49738262,49739661,chr10,49738262,49742827,donor,no,-,295,49739661,49739661,-0.963900029659271,donor
Intermediate,OGDHL,49747208,49749726,chr10,49747208,49750838,donor,no,-,296,49749726,49749726,-0.996800005435944,donor
Late,OLFM1,135088139,135090195,chr9,135075802,135090195,donor,no,+,297,135088139,135088139,-0.994799971580505,donor
Late,OSBP2,30881802,30887426,chr22,30870682,30887426,donor,no,+,298,30881802,30881802,-0.268099993467331,donor
Early,PAOX,133389747,133390907,chr10,133389747,133391312,acceptor,yes,+,299,133390907,133390907,0.844099998474121,acceptor
Early,PAOX,133391154,133391312,chr10,133389747,133391312,donor,yes,+,299,133391154,133391154,-0.429800003767014,donor
Intermediate,PCBP3,45755452,45788298,chr21,45755452,45849961,acceptor,yes,+,300,45788298,45788298,0.59060001373291,acceptor
Intermediate,PEPD,33501001,33507343,chr19,33501001,33511028,donor,yes,-,301,33507343,33507343,-0.00179999996908009,donor
Early,PFKP,3099352,3099557,chr10,3099352,3101365,acceptor,yes,+,302,3099557,3099557,0.496899992227554,acceptor
Early,PFKP,3099819,3101365,chr10,3099352,3101365,donor,yes,+,302,3099819,3099819,-0.274100005626678,donor
Early,PFKP,3125249,3129819,chr10,3120044,3129819,donor,no,+,303,3125249,3125249,-0.974200010299683,donor
Late,PHF2,93660560,93661348,chr9,93660560,93662907,acceptor,yes,+,304,93661348,93661348,0.166500002145767,acceptor
Late,PHF2,93661647,93662906,chr9,93660560,93662907,donor,yes,+,304,93661647,93661647,0,n_s_called
Early,PHLDB1,118644174,118644647,chr11,118644174,118645356,acceptor,no,+,305,118644647,118644647,0.330300003290176,acceptor
Intermediate,PKN1,14446561,14450088,chr19,14446561,14450318,acceptor,yes,+,306,14450088,14450088,0.655799984931946,acceptor
Late,PLAUR,43667691,43668277,chr19,43667691,43668044,donor,no,-,307,43668277,43668277,-0.0807999968528748,donor
Late,PLCD4,218622228,218622647,chr2,218621599,218622647,donor,no,+,308,218622228,218622228,-0.210899993777275,donor
Early,PLEKHA1,122427031,122428276,chr10,122427031,122429624,acceptor,no,+,309,122428276,122428276,0.919200003147125,acceptor
Early,PLEKHA1,122428316,122429624,chr10,122427031,122429624,donor,no,+,309,122428316,122428316,-0.652300000190735,donor
Late,PLEKHM1P1,64786724,64787112,chr17,64786724,64787248,donor,yes,-,310,64787112,,,
Intermediate,PLEKHM2,15719920,15721329,chr1,15719920,15725317,acceptor,no,+,311,15721329,15721329,0.521200001239777,acceptor
Intermediate,PLEKHM2,15721388,15725317,chr1,15719920,15725317,donor,no,+,311,15721388,15721388,-0.707099974155426,donor
Late,PLSCR3,7392978,7393467,chr17,7393364,7393467,acceptor,yes,-,312,7392978,7392978,0.317400008440018,acceptor
Late,PNISR,99403882,99404603,chr6,99402710,99404603,acceptor,no,-,313,99403882,99403882,0.910199999809265,acceptor
Early,POLDIP3,42599793,42602770,chr22,42599793,42602770,exon_skip,no,-,314,,,,
Intermediate,POLL,101584919,101587246,chr10,101584919,101587246,exon_skip,yes,-,315,,,,
Early,PORCN,48512719,48514127,chrX,48512719,48514127,exon_skip,yes,+,316,,,,
Late,PPFIA3,49146005,49146166,chr19,49146005,49148083,acceptor,no,+,317,49146166,49146166,0.657100021839142,acceptor
Early,PPFIBP1,27676599,27677064,chr12,27676599,27679489,acceptor,no,+,318,27677064,27677064,0.159099996089935,acceptor
Early,PPFIBP1,27677096,27679489,chr12,27676599,27679489,donor,no,+,318,27677096,27677096,-0.563300013542175,donor
Early,PPIEL,39522505,39523562,chr1,39522505,39529055,donor,no,-,319,39523562,,,
Late,PPIP5K2,103187376,103190842,chr5,103184744,103190842,donor,no,+,320,103187376,103187376,-0.922299981117248,donor
Early,PRCD,76543121,76543803,chr17,76543121,76543803,acceptor,no,+,321,76543803,76543803,0.661700010299683,acceptor
Early,PRELID3A,12430293,12431149,chr18,12429436,12431150,donor,yes,+,322,12430293,,,
Early,PRELID3A,12430292,12431150,chr18,12429436,12431150,donor,yes,+,322,12430292,,,
Late,PRKAR1B,716846,727210,chr7,711527,727210,acceptor,yes,-,323,716846,716846,0.107699997723103,acceptor
Intermediate,PRR16,120618565,120672016,chr5,120618565,120685954,acceptor,yes,+,324,120672016,120672016,0.193200007081032,acceptor
Intermediate,PRR16,120464645,120672016,chr5,120464645,120685954,acceptor,yes,+,324,120672016,120672016,0.193200007081032,acceptor
Intermediate,PRR16,120672228,120685954,chr5,120464645,120685954,donor,yes,+,324,120672228,120672228,-0.207100003957748,donor
Late,PRRT4,128360063,128361306,chr7,128360063,128361561,donor,no,-,325,128361306,128361306,-0.715499997138977,donor
Early,PRUNE2,76638288,76641790,chr9,76638288,76641972,donor,yes,-,326,76641790,76641790,-0.708000004291534,donor
Early,PRUNE2,76638289,76641789,chr9,76638288,76641972,donor,yes,-,326,76641789,76641789,0.0015999999595806,acceptor
Late,PSAP,71823896,71825837,chr10,71822007,71825837,acceptor,no,-,327,71823896,71823896,0.600099980831146,acceptor
Late,PSAP,71822007,71823888,chr10,71822007,71825837,donor,no,-,327,71823888,71823888,-0.728999972343445,donor
Intermediate,PSD,102418046,102418701,chr10,102417121,102418701,acceptor,yes,-,328,102418046,102418046,0.345200002193451,acceptor
Late,PSME3IP1,57173869,57185736,chr16,57173869,57186031,donor,yes,-,329,57185736,,,
Intermediate,PTPN13,86751124,86753009,chr4,86751124,86758260,acceptor,no,+,330,86753009,86753009,0.564000010490418,acceptor
Intermediate,PTPN13,86753065,86758260,chr4,86751124,86758260,donor,no,+,330,86753065,86753065,-0.577899992465973,donor
Early,PTPRF,43592601,43598720,chr1,43592601,43598720,exon_skip,no,+,331,,,,
Late,PTPRM,7946977,7949181,chr18,7926683,7949180,donor,yes,+,332,7946977,7946977,-0.276300013065338,donor
Late,PTPRN,219297433,219297885,chr2,219297433,219299047,donor,no,-,333,219297885,219297885,-0.817499995231628,donor
Late,PTPRS,5231615,5238919,chr19,5222220,5238919,acceptor,no,-,335,5231615,5231615,0.977999985218048,acceptor
Intermediate,PTPRS,5222220,5222689,chr19,5222220,5238919,donor,no,-,334,5222689,5222689,-0.96399998664856,donor
Late,PWWP2A,160105676,160108545,chr5,160094065,160108545,acceptor,yes,-,336,160105676,160105676,0.472799986600876,acceptor
Intermediate,PXDN,1650886,1653628,chr2,1649675,1653628,acceptor,yes,-,337,1650886,1650886,0.943199992179871,acceptor
Intermediate,PXDN,1649675,1650800,chr2,1649675,1653628,donor,yes,-,337,1650800,1650800,-0.97350001335144,donor
Early,RAB20,110542022,110561348,chr13,110524197,110561348,acceptor,yes,-,338,110542022,110542022,0.351700007915497,acceptor
Early,RAB20,110524197,110541889,chr13,110524197,110561348,donor,yes,-,338,110541889,110541889,-0.468100011348725,donor
Intermediate,RANBP1,20122421,20122580,chr22,20122421,20125308,acceptor,yes,+,339,20122580,20122580,0.681299984455109,acceptor
Intermediate,RANBP1,20122697,20125308,chr22,20122421,20125308,donor,yes,+,339,20122697,20122697,-0.734399974346161,donor
Late,RANBP1,20118313,20119013,chr22,20118313,20119013,exon_skip,yes,+,340,,,,
Early,RAP1GAP,21598820,21599494,chr1,21598502,21599494,acceptor,yes,-,341,21598820,21598820,0.165500000119209,acceptor
Early,RAP1GAP,21598502,21598723,chr1,21598502,21599494,donor,yes,-,341,21598723,21598723,-0.0948000028729439,donor
Early,RAPGEFL1,40178381,40181616,chr17,40178381,40181299,donor,no,+,342,40178381,40178381,-0.997600018978119,donor
Late,RASA3,113992184,113992485,chr13,113981858,113992485,acceptor,yes,-,343,113992184,113992184,0.0891000032424927,acceptor
Intermediate,RBCK1,419731,420871,chr20,419731,422127,acceptor,no,+,344,420871,420871,0.936100006103516,acceptor
Late,RBIS,85214631,85214921,chr8,85214631,85217386,donor,no,-,345,85214921,85214921,-0.996999979019165,donor
Early,RBM41,107113468,107115352,chrX,107088839,107115352,acceptor,no,-,346,107113468,107113468,0.395099997520447,acceptor
Early,RBM41,107088839,107113397,chrX,107088839,107115352,donor,no,-,346,107113397,107113397,-0.189600005745888,donor
Late,RBMS3-AS2,29616479,29617621,chr3,29616479,29641094,donor,no,-,347,29617621,,,
Early,RBSN,15096710,15099035,chr3,15096710,15099035,exon_skip,no,-,348,,,,
Early,RD3,211482314,211483119,chr1,211481429,211491768,acceptor,no,-,349,211482314,211482314,0.111299999058247,acceptor
Early,RD3,211483451,211491768,chr1,211481429,211491768,acceptor,no,-,349,211483451,211483451,0.00260000000707805,acceptor
Early,RD3,211481429,211482271,chr1,211481429,211491768,donor,no,-,349,211482271,211482271,-0.174999997019768,donor
Intermediate,RDM1,35922675,35924604,chr17,35922675,35925515,donor,no,-,350,35924604,35924604,-0.967299997806549,donor
Early,REEP6,1496453,1496591,chr19,1496453,1497174,acceptor,no,+,351,1496591,1496591,0.942799985408783,acceptor
Early,REEP6,1496671,1497174,chr19,1496453,1497174,donor,no,+,351,1496671,1496671,-0.94650000333786,donor
Late,RELL1,37631523,37632552,chr4,37631523,37634887,donor,yes,-,352,37632552,37632552,-0.0277999993413687,donor
Intermediate,RIMBP2,130428337,130434734,chr12,130428337,130434734,exon_skip,no,-,353,,,,
Late,RIMS2,104148848,104244916,chr8,104223793,104244916,donor,no,+,354,104148848,104148848,-0.853299975395203,donor
Early,RNF115,145788802,145788908,chr1,145784596,145788908,acceptor,yes,-,355,145788802,,,
Early,RNF115,145784596,145788612,chr1,145784596,145788908,donor,yes,-,355,145788612,,,
Late,RNF144A,7030215,7045356,chr2,7030215,7045356,exon_skip,yes,+,356,,,,
Early,RNFT2,116779348,116788636,chr12,116779348,116833792,acceptor,yes,+,357,116788636,116788636,0.0397999994456768,acceptor
Early,ROBO1,78647655,78651732,chr3,78646190,78651732,acceptor,no,-,358,78647655,78647655,0.479699999094009,acceptor
Early,ROBO1,78646190,78647629,chr3,78646190,78651732,donor,no,-,358,78647629,78647629,-0.61379998922348,donor
Late,RPGRIP1L,53623000,53636439,chr16,53619208,53636439,acceptor,yes,-,359,53623000,53623000,0.192100003361702,acceptor
Late,RPTOR,80892869,80908811,chr17,80892869,80908811,exon_skip,yes,+,360,,,,
Intermediate,RSF1,77813787,77820528,chr11,77764689,77820528,acceptor,yes,-,361,77813787,77813787,0.161200001835823,acceptor
Late,RTBDN,12829997,12830612,chr19,12829997,12834785,donor,yes,-,362,12830612,,,
Early,RUFY2,68376972,68379424,chr10,68378670,68379424,acceptor,no,-,363,68376972,68376972,0.468199998140335,acceptor
Early,RUFY3,70789592,70793785,chr4,70789592,70791225,acceptor,no,+,364,70793785,70793785,0.614700019359589,acceptor
Early,RWDD1,116571655,116572858,chr6,116571655,116580295,acceptor,no,+,365,116572858,116572858,0.636699974536896,acceptor
Early,RWDD1,116572985,116574058,chr6,116571655,116574058,donor,no,+,365,116572985,116572985,-0.710799992084503,donor
Intermediate,SBF1,50467001,50467338,chr22,50466710,50467338,acceptor,no,-,366,50467001,50467001,0.869400024414063,acceptor
Intermediate,SBF1,50466710,50466978,chr22,50466710,50467338,donor,no,-,366,50466978,50466978,-0.838900029659271,donor
Early,SCAMP5,75009940,75011792,chr15,74995673,75011792,donor,no,+,367,75009940,75009940,-0.408100008964539,donor
Intermediate,SCARB1,124782811,124786357,chr12,124778586,124786357,acceptor,no,-,368,124782811,124782811,0.00310000008903444,acceptor
Intermediate,SCARB1,124778586,124782683,chr12,124778586,124786357,donor,no,-,368,124782683,124782683,-0.0219000000506639,donor
Early,SEC22C,42553448,42555930,chr3,42548657,42555930,acceptor,no,-,369,42553448,,,
Early,SEMA3F,50174350,50175096,chr3,50174350,50176768,acceptor,yes,+,370,50175096,50175096,0.995899975299835,acceptor
Late,SEPTIN6,119625379,119629318,chrX,119618786,119629318,acceptor,no,-,371,119625379,119625379,0.18860000371933,acceptor
Early,SEPTIN7P2,45735670,45736787,chr7,45728313,45736787,acceptor,yes,-,372,45735670,,,
Early,SEPTIN7P2,45728313,45735607,chr7,45728313,45736787,donor,yes,-,372,45735607,,,
Early,SERGEF,17846761,17863566,chr11,17846761,17878208,donor,no,-,373,17863566,17863566,-0.522199988365173,donor
Early,SETD5,9468615,9470459,chr3,9464672,9470459,donor,yes,+,374,9468615,9468615,-0.551400005817413,donor
Late,SGCE,94587812,94588689,chr7,94585515,94588689,acceptor,no,-,375,94587812,94587812,0.0182000007480383,acceptor
Late,SGCE,94585515,94587778,chr7,94585515,94588689,donor,no,-,375,94587778,94587778,-0.0749000012874603,donor
Late,SH3PXD2B,172356774,172358773,chr5,172354005,172358773,acceptor,no,-,376,172356774,172356774,0.317799985408783,acceptor
Late,SH3PXD2B,172354005,172356691,chr5,172354005,172358773,donor,no,-,376,172356691,172356691,-0.106799997389317,donor
Early,SHANK3,50706152,50711615,chr22,50706152,50714916,acceptor,no,+,377,50711615,50711615,0.254799991846085,acceptor
Early,SHANK3,50711638,50714917,chr22,50706152,50714916,donor,no,+,377,50711638,50711638,-0.503700017929077,donor
Late,SHLD1,5773043,5773132,chr20,5773043,5863024,acceptor,no,+,378,5773132,5773132,0.275599986314774,acceptor
Late,SHTN1,116889279,116901765,chr10,116886566,116901765,acceptor,no,-,379,116889279,116889279,0.00120000005699694,acceptor
Late,SHTN1,116886566,116889094,chr10,116886566,116901765,donor,no,-,379,116889094,116889094,-0.122699998319149,donor
Early,SIPA1L3,37907358,38008096,chr19,37907358,38029089,acceptor,yes,+,380,38008096,38008096,0.625299990177155,acceptor
Early,SIPA1L3,38008195,38029089,chr19,37907358,38029089,donor,yes,+,380,38008195,38008195,-0.684599995613098,donor
Late,SLC12A2-DT,127992633,128061144,chr5,127966928,128061144,acceptor,yes,-,381,127992633,,,
Early,SLC12A7,1056596,1057471,chr5,1053482,1057471,acceptor,no,-,382,1056596,1056596,0.493400007486343,acceptor
Early,SLC12A7,1053482,1056582,chr5,1053482,1057471,donor,no,-,382,1056582,1056582,-0.385300010442734,donor
Late,SLC19A1,45511223,45525817,chr21,45516140,45525817,acceptor,yes,-,383,45511223,,,
Early,SLC25A29,100295993,100298842,chr14,100293377,100298842,acceptor,no,-,384,100295993,100295993,0.211099997162819,acceptor
Early,SLC25A29,100293377,100295626,chr14,100293377,100298842,donor,no,-,384,100295626,100295626,-0.147100001573563,donor
Late,SLC25A35,8290976,8291333,chr17,8290976,8292522,donor,no,-,385,8291333,8291333,-0.80129998922348,donor
Late,SLC36A1,151449689,151458788,chr5,151452491,151458788,donor,yes,+,386,151449689,151449689,-0.279500007629395,donor
Intermediate,SLC39A8,102315830,102324250,chr4,102315830,102344444,donor,yes,-,387,102324250,102324250,-0.169900000095367,donor
Intermediate,SLC50A1,155136376,155136828,chr1,155136376,155137561,acceptor,no,+,388,155136828,,,
Intermediate,SLC50A1,155136951,155137561,chr1,155136376,155137561,donor,no,+,388,155136951,,,
Early,SLC9A8,49849680,49850810,chr20,49849680,49855438,acceptor,no,+,389,49850810,49850810,0.814100027084351,acceptor
Early,SLC9A8,49850844,49855438,chr20,49849680,49855438,donor,no,+,389,49850844,49850844,-0.717400014400482,donor
Early,SLC9B2,103065768,103066327,chr4,103057971,103066327,acceptor,no,-,390,103065768,103065768,0.404799997806549,acceptor
Late,SLIT3,168844655,168883265,chr5,168844655,168844976,donor,no,-,391,168883265,168883265,-0.998300015926361,donor
Late,SLMAP,57923023,57927296,chr3,57923023,57927296,exon_skip,no,+,392,,,,
Intermediate,SMARCA4,11033517,11033767,chr19,11033517,11034123,acceptor,no,+,393,11033767,11033767,0.996100008487701,acceptor
Intermediate,SMARCA4,11033865,11034123,chr19,11033517,11034123,donor,no,+,393,11033865,11033865,-0.996399998664856,donor
Intermediate,SMARCD3,151245671,151275114,chr7,151245671,151248485,donor,no,-,394,151275114,,,
Intermediate,SMG1P3,21487616,21495171,chr16,21487616,21519828,donor,no,-,395,21495171,,,
Late,SMPD4,130161272,130164374,chr2,130157396,130164374,acceptor,no,-,396,130161272,130161272,0.623099982738495,acceptor
Intermediate,SNAP25,10284772,10293161,chr20,10284772,10292882,acceptor,no,+,397,10293161,10293161,0.271600008010864,acceptor
Intermediate,SNAP25,10293278,10296925,chr20,10292999,10296925,donor,no,+,397,10293278,10293278,-0.342500001192093,donor
Intermediate,SNCB,176629965,176630280,chr5,176629663,176630280,acceptor,yes,-,398,176629965,176629965,0.130700007081032,acceptor
Early,SNHG17,38421098,38425935,chr20,38421098,38425935,exon_skip,no,-,399,,,,
Early,SNHG17,38421098,38426419,chr20,38421098,38426419,exon_skip,no,-,400,,,,
Early,SNHG21,82756785,82756904,chr15,82754784,82756904,donor,no,+,401,82756785,,,
Early,SP2-AS1,47918571,47929821,chr17,47918571,47929821,exon_skip,yes,-,402,,,,
Ambiguous,SPEG,219464608,219467174,chr2,219464608,219467174,exon_skip,yes,+,403,,,,
Late,SPPL3,120765070,120767394,chr12,120765070,120767394,exon_skip,yes,-,404,,,,
Intermediate,SPRY4-AS1,142346467,142353226,chr5,142345485,142353226,donor,yes,+,405,142346467,,,
Late,SRSF12,89107258,89117823,chr6,89107027,89117823,acceptor,no,-,406,89107258,89107258,0.924000024795532,acceptor
Late,SSH2,29925555,29929938,chr17,29793937,29929938,acceptor,no,-,407,29925555,29925555,0.125100001692772,acceptor
Early,STAG2,124090764,124090854,chrX,124090764,124094018,acceptor,no,+,408,124090854,124090854,0.573099970817566,acceptor
Early,STAG2,124090964,124094018,chrX,124090764,124094018,donor,no,+,408,124090964,124090964,-0.644900023937225,donor
Early,STK36,218685228,218688391,chr2,218685228,218688697,acceptor,no,+,409,218688391,218688391,0.178299993276596,acceptor
Late,STK39,168017095,168058737,chr2,168017095,168063500,donor,no,-,410,168058737,168058737,-0.0172000005841255,donor
Early,STMN2,79611214,79616822,chr8,79611214,79636802,acceptor,yes,+,411,79616822,79616822,0.323900014162064,acceptor
Early,STMN2,79613937,79616822,chr8,79611214,79636802,acceptor,yes,+,411,79616822,79616822,0.323900014162064,acceptor
Early,STRA6,74193136,74193800,chr15,74191491,74193800,acceptor,no,-,413,74193136,74193136,0.72299998998642,acceptor
Early,STRA6,74185056,74185310,chr15,74185055,74189114,donor,no,-,412,74185310,74185310,0,n_s_called
Early,STRA6,74195469,74195584,chr15,74195468,74195651,donor,no,-,414,74195584,74195584,0,n_s_called
Early,STRA6,74191491,74193067,chr15,74191491,74193800,donor,no,-,413,74193067,74193067,-0.794300019741058,donor
Early,STXBP5L,120908416,120909571,chr3,120908334,120909571,donor,yes,+,415,120908416,120908416,-0.337099999189377,donor
Early,STXBP5L,120908428,120909571,chr3,120908334,120909571,donor,yes,+,415,120908428,120908428,-0.764100015163422,donor
Late,SUN1,849603,851384,chr7,849603,851384,exon_skip,no,+,416,,,,
Early,SYNE1,152130778,152132122,chr6,152122676,152132122,acceptor,no,-,417,152130778,152130778,0.317200005054474,acceptor
Early,SYNE1,152122676,152130720,chr6,152122676,152132122,donor,no,-,417,152130720,152130720,-0.298099994659424,donor
Intermediate,SYNJ2,158017290,158019984,chr6,158017290,158028756,acceptor,no,+,418,158019984,158019984,0.884100019931793,acceptor
Late,SYNPO,150624907,150647944,chr5,150640854,150647944,donor,no,+,419,150624907,,,
Intermediate,SYPL1,106096302,106097690,chr7,106093137,106097690,acceptor,no,-,420,106096302,106096302,0.046900000423193,acceptor
Intermediate,SYPL1,106093137,106096293,chr7,106093137,106097690,donor,no,-,420,106096293,106096293,-0.356400012969971,donor
Early,SYT7,61547620,61551384,chr11,61533124,61551384,acceptor,yes,-,421,61547620,61547620,0.533500015735626,acceptor
Early,SYT7,61547308,61547530,chr11,61547308,61551384,donor,yes,-,421,61547530,61547530,-0.50629997253418,donor
Early,SYT7,61533124,61547530,chr11,61533124,61551384,donor,yes,-,422,61547530,61547530,-0.50629997253418,donor
Intermediate,TAF4B,26293531,26295195,chr18,26293531,26315229,acceptor,no,+,423,26295195,26295195,0.227799996733665,acceptor
Intermediate,TAF4B,26295314,26315229,chr18,26293531,26315229,donor,no,+,423,26295314,26295314,-0.633400022983551,donor
Late,TANK,161161104,161161285,chr2,161160486,161179614,acceptor,yes,+,424,161161285,161161285,0.551400005817413,acceptor
Intermediate,TARBP1,234400948,234401181,chr1,234398553,234401181,acceptor,yes,-,425,234400948,234400948,0.509400010108948,acceptor
Late,TBXAS1,139787426,139788213,chr7,139787426,139797210,acceptor,yes,+,426,139788213,,,
Intermediate,TCEA2,64063384,64066476,chr20,64063949,64066476,acceptor,no,+,427,64066476,64066476,0.995199978351593,acceptor
Late,TEAD1,12862314,12864686,chr11,12862314,12864838,acceptor,no,+,428,12864686,12864686,0.702400028705597,acceptor
Early,TEKT4P2,9124421,9127489,chr21,9070444,9127489,acceptor,no,-,429,9124421,,,
Early,TEKT4P2,9121378,9124362,chr21,9070444,9127489,donor,no,-,429,9124362,,,
Late,TENM3,182598822,182600924,chr4,182346929,182600924,donor,yes,+,430,182598822,182598822,-0.235499992966652,donor
Early,TEP1,20372857,20373011,chr14,20371632,20373011,acceptor,no,-,431,20372857,20372857,0.855199992656708,acceptor
Late,TERF1,73027052,73030336,chr8,73027052,73032042,acceptor,no,+,432,73030336,73030336,0.79449999332428,acceptor
Late,TERF1,73030395,73032042,chr8,73027052,73032042,donor,no,+,432,73030395,73030395,-0.79449999332428,donor
Late,TGS1,55811097,55813040,chr8,55811097,55813040,acceptor,no,+,433,55813040,,,
Late,THBS2,169233017,169237170,chr6,169233017,169237170,exon_skip,no,-,434,,,,
Early,THBS3,155206406,155207798,chr1,155206406,155207798,donor,no,-,435,155207798,155207798,-0.993300020694733,donor
Late,TIA1,70229091,70229264,chr2,70227822,70229264,acceptor,no,-,436,70229091,70229091,0.98089998960495,acceptor
Late,TKFC,61335937,61336204,chr11,61335937,61337941,acceptor,yes,+,437,61336204,61336204,0.0277999993413687,acceptor
Early,TMEM117,43836196,43836744,chr12,43836196,43844624,acceptor,yes,+,438,43836744,43836744,0.0604999996721744,acceptor
Early,TMEM117,43836884,43844624,chr12,43836196,43844624,donor,yes,+,438,43836884,43836884,-0.00899999961256981,donor
Early,TMEM117,43836901,43844624,chr12,43836196,43844624,donor,yes,+,438,43836901,43836901,-0.0974999964237213,donor
Late,TMEM144,158244349,158245324,chr4,158244349,158253444,acceptor,yes,+,439,158245324,158245324,0.10360000282526,acceptor
Late,TMEM144,158245404,158253444,chr4,158244349,158253444,donor,yes,+,439,158245404,158245404,-0.249500006437302,donor
Early,TMEM234,32217124,32217259,chr1,32216947,32217259,acceptor,yes,-,440,32217124,32217124,0.381500005722046,acceptor
Early,TMEM260,56634952,56635122,chr14,56634952,56636508,acceptor,yes,+,441,56635122,56635122,0.191899999976158,acceptor
Late,TMEM263,106956065,106957082,chr12,106956065,106967111,acceptor,no,+,442,106957082,,,
Intermediate,TMEM39A,119435935,119436791,chr3,119434882,119436791,acceptor,no,-,443,119435935,,,
Late,TMEM63B,44135096,44135328,chr6,44135096,44136349,acceptor,no,+,444,44135328,44135328,0.973599970340729,acceptor
Late,TMEM63B,44135366,44136349,chr6,44135096,44136349,donor,no,+,444,44135366,44135366,-0.987600028514862,donor
Intermediate,TMTC4,100642311,100662964,chr13,100642311,100662964,exon_skip,yes,-,445,,,,
Late,TNFSF12,7549618,7550120,chr17,7549521,7550120,donor,yes,+,446,7549618,7549618,-0.369199991226196,donor
Early,TNIK,171139556,171140399,chr3,171138379,171140399,acceptor,no,-,447,171139556,171139556,0.947200000286102,acceptor
Early,TNIK,171138379,171139470,chr3,171138379,171140399,donor,no,-,447,171139470,171139470,-0.97000002861023,donor
Late,TPD52L2,63887605,63889190,chr20,63882820,63889190,donor,no,+,448,63887605,63887605,-0.952400028705597,donor
Intermediate,TRAPPC12,3457693,3457795,chr2,3457693,3460263,acceptor,yes,+,449,3457795,3457795,0.463699996471405,acceptor
Intermediate,TRAPPC12,3457693,3458462,chr2,3457693,3460263,acceptor,yes,+,450,3458462,3458462,0.0153999999165535,acceptor
Intermediate,TRAPPC12,3458515,3460263,chr2,3457693,3460263,donor,yes,+,450,3458515,3458515,-0.343600004911423,donor
Ambiguous,TRAPPC13,65652545,65655636,chr5,65652545,65658368,acceptor,no,+,451,65655636,65655636,0.266400009393692,acceptor
Ambiguous,TRAPPC13,65655653,65658368,chr5,65652545,65658368,donor,no,+,451,65655653,65655653,-0.216199994087219,donor
Early,TRIM65,75891878,75892011,chr17,75891347,75892011,acceptor,no,-,452,75891878,75891878,0.66159999370575,acceptor
Intermediate,TRIO,14488260,14489030,chr5,14488260,14492567,acceptor,no,+,453,14489030,14489030,0.244299992918968,acceptor
Intermediate,TRIO,14489097,14492567,chr5,14488260,14492567,donor,yes,+,453,14489097,14489097,-0.0485000014305115,donor
Intermediate,TRIOBP,37759264,37765670,chr22,37759264,37759417,acceptor,no,+,455,37765670,37765670,0.996299982070923,acceptor
Early,TRIOBP,37738719,37751772,chr22,37738719,37751772,exon_skip,yes,+,454,,,,
Early,TRMT10B,37763865,37768076,chr9,37763753,37768076,donor,no,+,456,37763865,37763865,-0.203999996185303,donor
Intermediate,TRRAP,98881250,98881695,chr7,98881250,98881975,acceptor,yes,+,457,98881695,98881695,0.221000000834465,acceptor
Intermediate,TRRAP,98881736,98881975,chr7,98881250,98881975,donor,yes,+,457,98881736,98881736,-0.0388000011444092,donor
Early,TSPAN11,30983150,30983310,chr12,30983150,30991856,acceptor,no,+,458,30983310,30983310,0.417699992656708,acceptor
Late,TSPAN12,120810570,120814005,chr7,120810570,120815729,donor,yes,-,459,120814005,120814005,-0.105499997735024,donor
Late,TSPEAR-AS1,44511071,44515497,chr21,44509927,44515496,donor,yes,+,460,44511071,,,
Early,TSPOAP1,58309380,58309967,chr17,58307941,58309967,acceptor,no,-,461,58309380,58309380,0.97299998998642,acceptor
Late,TTC8,88831647,88833693,chr14,88824821,88833693,donor,yes,+,462,88831647,88831647,-0.013399999588728,donor
Early,UBR5-DT,102239898,102244005,chr8,102239700,102244005,donor,yes,+,463,102239898,,,
Early,UBTF,44212454,44212819,chr17,44212006,44212819,acceptor,no,-,464,44212454,44212454,0.998799979686737,acceptor
Early,UBTF,44212006,44212344,chr17,44212006,44212819,donor,no,-,464,44212344,44212344,-0.997099995613098,donor
Late,UGGT2,95887393,95887892,chr13,95884680,95887892,acceptor,yes,-,465,95887393,95887393,0.0725999996066093,acceptor
Intermediate,UNC13A,17653320,17655274,chr19,17652677,17655274,acceptor,yes,-,467,17653320,17653320,0.132799997925758,acceptor
Early,UNC13A,17623216,17623542,chr19,17621870,17623542,acceptor,yes,-,468,17623216,17623216,0.0247000008821487,acceptor
Early,UNC13A,17642541,17642845,chr19,17641556,17642845,acceptor,yes,-,466,17642541,17642541,0.0232999995350838,acceptor
Intermediate,UNC13A,17630750,17631476,chr19,17630750,17632782,donor,yes,-,471,17631476,17631476,-0.0315000005066395,donor
Early,UNC13A,17641556,17642414,chr19,17641556,17642845,donor,yes,-,466,17642414,17642414,-0.188500002026558,donor
Early,UNC13A,17621871,17623117,chr19,17621870,17623542,donor,yes,-,468,17623117,17623117,0,n_s_called
Intermediate,UNC13A,17652677,17652953,chr19,17652677,17655274,donor,yes,-,467,17652953,17652953,-0.0744000002741814,donor
Intermediate,UNC13A,17618962,17623118,chr19,17618962,17623118,exon_skip,yes,-,470,,,,
Early,UPF2,11921307,11926922,chr10,11921307,11929865,donor,yes,-,472,11926922,11926922,-0.367799997329712,donor
Early,USP13,179701179,179706934,chr3,179701129,179706934,donor,yes,+,473,179701179,179701179,-0.894999980926514,donor
Early,USP31,23073880,23079996,chr16,23073880,23079946,donor,no,-,474,23079996,23079996,-0.346500009298325,donor
Intermediate,USP6NL,11487871,11489102,chr10,11485911,11489102,acceptor,yes,-,475,11487871,11487871,0.157199993729591,acceptor
Intermediate,USP6NL,11485911,11487803,chr10,11485911,11489102,donor,yes,-,475,11487803,11487803,-0.0284000001847744,donor
Late,VAV2,133785885,133787246,chr9,133785885,133788354,donor,no,-,476,133787246,133787246,-0.712999999523163,donor
Early,VPS13A,77283471,77283547,chr9,77282274,77283547,donor,no,+,477,77283471,77283471,-0.940699994564056,donor
Early,VPS29,110499546,110502049,chr12,110496203,110502049,acceptor,no,-,478,110499546,,,
Early,VPS29,110496203,110499535,chr12,110496203,110502049,donor,no,-,478,110499535,,,
Early,VTI1A,112527164,112533530,chr10,112527164,112538246,acceptor,no,+,479,112533530,112533530,0.955299973487854,acceptor
Early,VTI1A,112533550,112538246,chr10,112527164,112538246,donor,no,+,479,112533550,112533550,-0.951399981975555,donor
Early,WASH6P,156021148,156021694,chrX,156021148,156021694,exon_skip,no,+,480,,,,
Early,WASL,123684580,123692347,chr7,123684580,123692347,exon_skip,yes,-,481,,,,
Late,WDFY3,84803467,84808334,chr4,84803467,84809887,donor,no,-,482,84808334,84808334,-0.466399997472763,donor
Intermediate,WDR35,19978167,19978751,chr2,19975663,19978751,acceptor,yes,-,483,19978167,19978167,0.172700002789497,acceptor
Intermediate,WDR35,19975663,19977925,chr2,19975663,19978751,donor,yes,-,483,19977925,19977925,-0.5242999792099,donor
Early,WDR4,42843281,42850041,chr21,42843281,42850041,acceptor,no,-,484,42843281,,,
Late,WIZ,15437129,15442676,chr19,15437129,15442676,exon_skip,yes,-,485,,,,
Late,WNK1,880031,881692,chr12,880031,881692,exon_skip,yes,+,486,,,,
Late,WSB1,27306882,27307744,chr17,27306882,27309100,acceptor,no,+,487,27307744,27307744,0.698800027370453,acceptor
Late,WWOX,78118500,78118955,chr16,78115154,78118955,donor,yes,+,488,78118500,78118500,-0.19820000231266,donor
Early,ZDHHC11B,733156,733752,chr5,732664,733752,acceptor,no,-,489,733156,733156,0.150099992752075,acceptor
Late,ZDHHC16,97453846,97454714,chr10,97453663,97454714,donor,no,+,490,97453846,97453846,-0.920400023460388,donor
Intermediate,ZFP91,58616815,58616993,chr11,58616815,58617196,acceptor,yes,+,491,58616993,58616993,0.359100013971329,acceptor
Intermediate,ZFP91,58617054,58617196,chr11,58616815,58617196,donor,yes,+,491,58617054,58617054,-0.537999987602234,donor
Intermediate,ZGPAT,63709164,63732003,chr20,63709164,63733219,acceptor,yes,+,492,63732003,63732003,0.00350000010803342,acceptor
Intermediate,ZGPAT,63732045,63733219,chr20,63709164,63733219,donor,yes,+,492,63732045,63732045,-0.0063999998383224,donor
Early,ZKSCAN7,44568433,44582972,chr3,44568433,44582972,exon_skip,no,+,493,,,,
Early,ZMAT3,179071447,179071595,chr3,179067809,179071595,acceptor,no,-,494,179071447,179071447,0.778599977493286,acceptor
Early,ZMAT3,179067809,179071327,chr3,179067809,179071595,donor,no,-,494,179071327,179071327,-0.913299977779388,donor
Early,ZNF138,64794571,64814918,chr7,64794571,64831451,acceptor,no,+,495,64814918,64814918,0.994000017642975,acceptor
Intermediate,ZNF157,47411919,47412369,chrX,47410775,47412368,donor,yes,+,496,47411919,47411919,-0.0388000011444092,donor
Late,ZNF185,152932971,152936418,chrX,152932971,152938074,acceptor,yes,+,497,152936418,152936418,0.84850001335144,acceptor
Early,ZNF195,3362602,3363303,chr11,3362602,3370975,donor,no,-,498,3363303,3363303,-0.00899999961256981,donor
Late,ZNF207,32365487,32367772,chr17,32365487,32367772,exon_skip,no,+,499,,,,
Early,ZNF266,9418895,9419051,chr19,9418631,9419051,acceptor,no,-,500,9418895,9418895,0.244200006127358,acceptor
Early,ZNF266,9418631,9418762,chr19,9418631,9419217,donor,no,-,500,9418762,9418762,-0.14020000398159,donor
Early,ZNF382,36605521,36607552,chr19,36605730,36607552,acceptor,yes,+,502,36607552,36607552,0.984099984169006,acceptor
Early,ZNF383,37218274,37230409,chr19,37218274,37230409,exon_skip,yes,+,503,,,,
Late,ZNF384,6678710,6678946,chr12,6678460,6678946,acceptor,no,-,504,6678710,6678710,0.663699984550476,acceptor
Late,ZNF384,6678460,6678663,chr12,6678460,6678946,donor,no,-,504,6678663,6678663,-0.494300007820129,donor
Early,ZNF528,52414368,52414939,chr19,52406643,52415123,acceptor,no,+,505,52414939,52414939,0.230499997735024,acceptor
Early,ZNF529,36572392,36573043,chr19,36572392,36573140,donor,yes,-,506,36573043,,,
Early,ZNF565,36202050,36203447,chr19,36202050,36214622,donor,no,-,507,36203447,,,
Early,ZNF569,37466805,37467083,chr19,37465473,37467084,acceptor,no,-,508,37466805,37466805,9.99999974737875e-05,acceptor
Early,ZNF570,37469655,37470304,chr19,37469557,37470304,donor,yes,+,509,37469655,,,
Early,ZNF608,124746283,124748533,chr5,124745172,124748533,acceptor,yes,-,510,124746283,124746283,0.00659999996423721,acceptor
Early,ZNF608,124637906,124638782,chr5,124637906,124639133,donor,no,-,511,124638782,124638782,-0.82260000705719,donor
Early,ZNF630,48060203,48060450,chrX,48060199,48060450,acceptor,no,-,512,48060203,48060203,0.750699996948242,acceptor
Early,ZNF681,23747101,23754823,chr19,23745323,23758746,acceptor,yes,-,513,23747101,23747101,0.0581000000238419,acceptor
Early,ZNF681,23755551,23758747,chr19,23745323,23758746,acceptor,no,-,514,23755551,23755551,0.937699973583221,acceptor
Early,ZNF681,23745323,23754823,chr19,23745323,23758746,donor,no,-,514,23754823,23754823,-0.970700025558472,donor
Late,ZNF700,11925273,11947172,chr19,11925273,11947181,acceptor,yes,+,515,11947172,11947172,0.815599977970123,acceptor
Early,ZNF780B,40050377,40055416,chr19,40050377,40056101,donor,no,-,516,40055416,40055416,-0.973999977111816,donor
Early,ZNF826P,20409956,20417666,chr19,20409024,20424785,acceptor,yes,-,520,20409956,,,
Early,ZNF826P,20406132,20408950,chr19,20341101,20408950,acceptor,no,-,518,20406132,,,
Early,ZNF826P,20409045,20409830,chr19,20409045,20424786,donor,no,-,518,20409830,,,
Early,ZNF826P,20409956,20424786,chr19,20409956,20424786,exon_skip,no,-,519,,,,
Intermediate,ZNF90,20105316,20117781,chr19,20105316,20125006,acceptor,no,+,517,20117781,20117781,0.935199975967407,acceptor
